<?xml version="1.0" encoding="utf-8" standalone="yes"?>
<rss version="2.0" xmlns:atom="http://www.w3.org/2005/Atom">
  <channel>
    <title>招贤纳士 on 上海仪电人工智能创新院</title>
    <link>https://offical-portal.chinacloudsites.cn/recruitment/</link>
    <description>Recent content in 招贤纳士 on 上海仪电人工智能创新院</description>
    <generator>Hugo -- gohugo.io</generator>
    <language>zh-cn</language>
    <copyright> Copyright © 2020-2023 Shaiic. All Rights Reserved.</copyright>
    <lastBuildDate>Fri, 23 Apr 2021 23:36:11 +0800</lastBuildDate><atom:link href="https://offical-portal.chinacloudsites.cn/recruitment/index.xml" rel="self" type="application/rss+xml" />
  </channel>
</rss>
