<?xml version="1.0" encoding="utf-8" standalone="yes"?>
<rss version="2.0" xmlns:atom="http://www.w3.org/2005/Atom">
  <channel>
    <title>科技成果 on 上海仪电人工智能创新院</title>
    <link>https://offical-portal.chinacloudsites.cn/en/categories/%E7%A7%91%E6%8A%80%E6%88%90%E6%9E%9C/</link>
    <description>Recent content in 科技成果 on 上海仪电人工智能创新院</description>
    <generator>Hugo -- gohugo.io</generator>
    <language>en-us</language>
    <copyright> Copyright © 2020-2023 Shaiic. All Rights Reserved.</copyright>
    <lastBuildDate>Thu, 28 May 2020 15:27:17 +0600</lastBuildDate><atom:link href="https://offical-portal.chinacloudsites.cn/en/categories/%E7%A7%91%E6%8A%80%E6%88%90%E6%9E%9C/index.xml" rel="self" type="application/rss+xml" />
    <item>
      <title>人工智能实训平台预览版1.0成功发布</title>
      <link>https://offical-portal.chinacloudsites.cn/en/blog/blog-post-1/</link>
      <pubDate>Thu, 28 May 2020 15:27:17 +0600</pubDate>
      
      <guid>https://offical-portal.chinacloudsites.cn/en/blog/blog-post-1/</guid>
      <description>2020年5月26日，上海仪电人工智能创新院和中央研究院成功举办了人工智能实训平台1.0预览版发布会，为人工智能的教学和实操提供了崭新的视野。
 在创新院成立一周年之际，人工智能实训平台1.0预览版发布会在仪电园区举行。
跟紧现在“云生态”的潮流，发布会以线上线下两种方式同时进行直播，全程在线，互动不断。
现场嘉宾满座，聚集了行业内专业人士的积极参与，众多嘉宾到场祝贺，有来自合作伙伴微软亚洲研究院、仪电中央研究院的同事们，来自集团科创部、培训中心的同事们，以及来自兄弟单位南洋万邦、云赛空间的朋友们，大家共同见证人工智能实训平台1.0的重磅首发。
开发历程 在这场“优化线上人工智能学习体验”的发布会中，创新院副总经理牛红星亲临现场欢迎各位嘉宾的到来，并给大家介绍了整个项目开发的历程。他提到了本次项目所遇到的困难和瓶颈，特别强调了在疫情严峻的情况下，研发人员仍坚守在家努力不懈按时完成目标的奋斗精神。
项目背景｜特点｜架构 发布会现场，项目经理李方介绍总结了项目背景，特点和架构，以及展示了项目目前所取得的进展和荣誉。</description>
    </item>
    
  </channel>
</rss>
