<?xml version="1.0" encoding="utf-8" standalone="yes"?>
<rss version="2.0" xmlns:atom="http://www.w3.org/2005/Atom">
  <channel>
    <title>科技交流 on 上海仪电人工智能创新院</title>
    <link>https://offical-portal.chinacloudsites.cn/tags/%E7%A7%91%E6%8A%80%E4%BA%A4%E6%B5%81/</link>
    <description>Recent content in 科技交流 on 上海仪电人工智能创新院</description>
    <generator>Hugo -- gohugo.io</generator>
    <language>zh-cn</language>
    <copyright> Copyright © 2020-2023 Shaiic. All Rights Reserved.</copyright>
    <lastBuildDate>Wed, 22 Jul 2020 15:27:17 +0600</lastBuildDate><atom:link href="https://offical-portal.chinacloudsites.cn/tags/%E7%A7%91%E6%8A%80%E4%BA%A4%E6%B5%81/index.xml" rel="self" type="application/rss+xml" />
    <item>
      <title>共建蓝图|创新院牵头仪电集团“十四五”人工智能专题技术规划编制</title>
      <link>https://offical-portal.chinacloudsites.cn/blog/blog-post-1597905349154/</link>
      <pubDate>Wed, 22 Jul 2020 15:27:17 +0600</pubDate>
      
      <guid>https://offical-portal.chinacloudsites.cn/blog/blog-post-1597905349154/</guid>
      <description>2020年7月21日，仪电集团“十四五”人工智能专题技术规划编制启动会暨第一次专题工作会议正式召开。仪电集团科技创新部总经理欧阳葵，上海仪电人工智能创新院副总经理、人工智能专题技术规划工作组组长牛红星，以及人工智能专题技术规划工作组成员单位—仪电创新院、中央研究院、信息科技、仪电鑫森、仪电数字、智能科技的同事们出席了本次会议。会议由人工智能专题技术规划工作组组长牛红星主持。
 仪电集团《“十四五”科技发展规划（2021-2025）》是仪电集团未来5年科技发展工作的重要纲领及整体指导性文件，是上海仪电集团迈进创新型企业集团行列的科技行动指南。
其中有七大技术专题（云计算、物联网、大数据、人工智能、信息安全、智能制造及工业互联网、智能硬件），创新院在人工智能专题技术规划工作组中担任组长单位，牵头《“十四五”人工智能专题技术（应用发展）规划》的编制工作。此次人工智能专题技术规划的编制旨在摸清各单位人工智能技术现状，贴合仪电企业发展的实际需求，思考并明确未来五年技术发展目标，梳理“卡脖子”技术和重点任务，确定实现路径、技术路线与过程里程碑，为未来发展奠定坚实基础。
仪电集团科技创新部欧阳总在会上强调了此次人工智能专题技术规划的编制背景和重要意义。欧阳总指出，近年来仪电集团科技的整体实力和水平虽然已经取得了长足发展，在集团转型发展中，急需进一步提升产品技术性能和质量水平，加强企业自主创新能力。如何确立未来仪电科技创新的战略定位、实现路径与技术路径是做好本次规划编制的重要命题。人工智能专题技术在此次科技发展规划的编制中占据重要的份额，“摸清家底”有助于集中集团内外产学研多方优势力量，对集团发展各主要领域的核心关键科技问题进行协同攻关。
推进工作计划 来自仪电创新院、中央研究院、信息科技、仪电鑫森、仪电数字、智能科技的同事也在会上分别分享了各自在人工智能科技发展方面的整体目标、核心技术和重点项目。
最后，创新院副总经理牛红星进行了会议总结，并进一步明确了人工智能专题技术规划工作组的具体工作目标、分工和推进计划。牛总指出，各组员单位需充分利用这一机会，一方面在于通过系统梳理自身在人工智能领域的科技发展总体目标、重点领域和课题，对自身在人工智能领域的技术现状有更清晰的认识；另一方面，对于上述重点领域、项目、工程或者课题的资源需求与痛点问题也可以借此机会集中讨论，各单位优势互补，助力仪电集团在未来五年内达成“十四五”科技发展规划建设目标。
排版：Patra</description>
    </item>
    
    <item>
      <title>圆满落幕｜创新院鼎力支持2020世界人工智能大会云端峰会</title>
      <link>https://offical-portal.chinacloudsites.cn/blog/blog-post-1597904790503/</link>
      <pubDate>Mon, 13 Jul 2020 15:27:17 +0600</pubDate>
      
      <guid>https://offical-portal.chinacloudsites.cn/blog/blog-post-1597904790503/</guid>
      <description>7月11日，2020世界人工智能大会云端峰会圆满落幕。三天来，共有超过550位重磅嘉宾相聚云端，其中7位图灵奖得主、1位诺贝尔奖得主、62位中外顶级院士，共话最前沿技术生态；“3D虚拟AI家园”内来自13个国家、150多家重量级企业带来的AI奇妙体验，令人回味无穷；新一批上海人工智能重大应用场景需求重磅发布，再度向全球AI企业发出英雄帖；上海人工智能实验室等一大批大项目纷纷签约落“沪”，可谓成果颇丰。
 最后的项目签约和成果发布活动上，市委副书记、代市长龚正，市委常委、副市长吴清，市委常委、浦东新区区委书记翁祖亮，上海交通大学党委书记杨振斌，市政府秘书长陈靖，市政府副秘书长陈鸣波等出席。
上海仪电集团董事长吴建雄受邀出席。该活动由上海市人工智能行业协会具体承办，得到了副秘书长单位微软-仪电人工智能创新院的大力支持。
项目签约 在集中签约环节，8个上海人工智能产业投资基金项目、36个人工智能产业项目分别于现场、分会场和云端签约，签约项目总额超过300亿元。
在揭牌仪式环节，上海仪电集团董事长吴建雄作为上海市人工智能行业协会会长，在龚市长的见证下，与市委常委、浦东新区区委翁书记一同为上海市人工智能行业协会揭牌。
上海市人工智能行业协会作为实体组织，将致力于推进上海市人工智能发展的总体要求，与上海市经信委、民政局等单位合作，优化全市人工智能产业布局和产业生态，保持定力和耐力服务好行业性的技术迭代和产业升级，为上海创新生态不断注入新的活力。
上海仪电（集团）作为上海人工智能生态产业链的重要构建者和参与者，将继续积极配合上海发布的《关于建设人工智能上海高地 构建一流创新生态行动方案》，参与布局人工智能创新载体，加快推动人工智能与实体经济融合发展，助力上海建设国家人工智能发展高地和具有全球影响力的科技创新中心。</description>
    </item>
    
  </channel>
</rss>
