<?xml version="1.0" encoding="utf-8" standalone="yes"?>
<rss version="2.0" xmlns:atom="http://www.w3.org/2005/Atom">
  <channel>
    <title>课程 on 上海仪电人工智能创新院</title>
    <link>https://offical-portal.chinacloudsites.cn/tags/%E8%AF%BE%E7%A8%8B/</link>
    <description>Recent content in 课程 on 上海仪电人工智能创新院</description>
    <generator>Hugo -- gohugo.io</generator>
    <language>zh-cn</language>
    <copyright> Copyright © 2020-2023 Shaiic. All Rights Reserved.</copyright>
    <lastBuildDate>Thu, 02 Jul 2020 15:13:34 +0800</lastBuildDate><atom:link href="https://offical-portal.chinacloudsites.cn/tags/%E8%AF%BE%E7%A8%8B/index.xml" rel="self" type="application/rss+xml" />
    <item>
      <title>AI CAMP|联手行业巨头独家推出人工智能头部课程</title>
      <link>https://offical-portal.chinacloudsites.cn/blog/blog-post-3/</link>
      <pubDate>Thu, 02 Jul 2020 15:13:34 +0800</pubDate>
      
      <guid>https://offical-portal.chinacloudsites.cn/blog/blog-post-3/</guid>
      <description> 2020年8月7日、8日、14日、15日在西岸AI TOWER 43楼豪华江景培训大厅现场聆听微软大咖讲授AI落地方法论，零距离接触AI尖端科技，成为炙手可热的AI复合型人才。
  </description>
    </item>
    
  </channel>
</rss>
