<?xml version="1.0" encoding="utf-8" standalone="yes"?>
<rss version="2.0" xmlns:atom="http://www.w3.org/2005/Atom">
  <channel>
    <title>Our Products on 上海仪电人工智能创新院</title>
    <link>https://offical-portal.chinacloudsites.cn/en/product/</link>
    <description>Recent content in Our Products on 上海仪电人工智能创新院</description>
    <generator>Hugo -- gohugo.io</generator>
    <language>en-us</language>
    <copyright> Copyright © 2020-2023 Shaiic. All Rights Reserved.</copyright>
    <lastBuildDate>Sat, 06 Jul 2019 15:27:17 +0600</lastBuildDate><atom:link href="https://offical-portal.chinacloudsites.cn/en/product/index.xml" rel="self" type="application/rss+xml" />
    <item>
      <title>人工智能实训平台</title>
      <link>https://offical-portal.chinacloudsites.cn/en/product/product-1/</link>
      <pubDate>Sat, 06 Jul 2019 15:27:17 +0600</pubDate>
      
      <guid>https://offical-portal.chinacloudsites.cn/en/product/product-1/</guid>
      <description>关于产品： 人工智能实训平台，以微软亚洲研究院研发的OpenPAI（Open Platform for AI）作为关键技术引擎，为快速发展中的人工智能技术培训提供快速部署，一键创建教学环境，并支持定制教学内容的人工智能学习实验环境。
该平台目前提供业界最流行的Jupyter Notebook/Vscode等应用软件，为老师和学员营造非常友好的交互性教学平台。
平台支持目前几乎所有的深度学习框架如CNTK、TensorFlow、PyTorch等。平台还提供定制服务，培训机构可以在线提交自己的教学环境需求，快速生成云教学环境。
产品功能：  为人工智能的教学和实操提供最灵活方便的环境 培训机构进行学员管理，老师管理，课程管理和班级管理的系统软件 培训机构可以部分实现客户的CRM，并灵活的安排课程和班级调配 对于每位学员使用的计算资源也能够实现精确统计  </description>
    </item>
    
  </channel>
</rss>
