<?xml version="1.0" encoding="utf-8" standalone="yes"?>
<rss version="2.0" xmlns:atom="http://www.w3.org/2005/Atom">
  <channel>
    <title>新闻中心 on 上海仪电人工智能创新院</title>
    <link>https://offical-portal.chinacloudsites.cn/blog/</link>
    <description>Recent content in 新闻中心 on 上海仪电人工智能创新院</description>
    <generator>Hugo -- gohugo.io</generator>
    <language>zh-cn</language>
    <copyright> Copyright © 2020-2023 Shaiic. All Rights Reserved.</copyright>
    <lastBuildDate>Sat, 30 Jan 2021 15:27:17 +0600</lastBuildDate><atom:link href="https://offical-portal.chinacloudsites.cn/blog/index.xml" rel="self" type="application/rss+xml" />
    <item>
      <title>创新智汇 共汇浦江 | 第四期AIM人工智能经理班正式结业</title>
      <link>https://offical-portal.chinacloudsites.cn/blog/blog-post-1614326101625/</link>
      <pubDate>Sat, 30 Jan 2021 15:27:17 +0600</pubDate>
      
      <guid>https://offical-portal.chinacloudsites.cn/blog/blog-post-1614326101625/</guid>
      <description>1月30日，创新院举办的第四期AIM人工智能经理班正式结业。微软亚洲研究院副院长潘天佑博士、上海仪电副总裁、创新院董事长李鑫先生、微软亚太研发集团创新孵化总监程骉博士、微软亚洲研究院战略合作总监刘康平博士和创新院总经理朱琳女士为学员们颁发了奖牌及结业证书。
课程回顾 本期AIM课程于2020年12月5日正式开班，学员来自华夏基金、中国电信、国泰君安、浦发银行等大型头部企业，因受疫情影响，5周的学期时长历经了两个月，授课过程中，来自微软和仪电的专家们分享了人工智能领域的方法论和技术总结，并利用创新院自主研发的人工智能实训平台搭建课程环境，让学员可以自主开展动手实验，确保学员在掌握人工智能理论的基础上同时具备参与项目落地的能力。
AIM Hackathon 结业仪式当天进行了AIM Hackathon路演，学员们结合所学知识与项目实践经验打造了商业计划书，并进行了分享汇报，微软亚洲研究院副院长潘天佑博士、上海仪电副总裁、创新院董事长李鑫先生、微软亚太研发集团创新孵化总监程骉博士以及AI领域投资人针对学员的项目案例做了精彩的点评，并为获得奖项的学员们分别颁发了最具商业价值奖、最佳创新奖、最佳人气奖和最佳团队奖。
LIST OF WINNERS 最具商业价值奖《娱乐传媒新兴概念-AI明星运营》 最佳创新奖《E-Map安全导航，可靠陪伴》 最佳人气奖《娱乐传媒新兴概念-AI明星运营》 最佳团队奖 第三组（华夏基金 王银春、国泰君安 樊佳浩、中国电信 黄煜骁、中国电信 白燕南、TCL 韦泽垠）</description>
    </item>
    
    <item>
      <title>加快打造人才集聚“强磁场”|浦江智汇校友会正式成立</title>
      <link>https://offical-portal.chinacloudsites.cn/blog/blog-post-1612837785127/</link>
      <pubDate>Sat, 30 Jan 2021 00:00:00 +0000</pubDate>
      
      <guid>https://offical-portal.chinacloudsites.cn/blog/blog-post-1612837785127/</guid>
      <description>1月30日，由创新院创立的浦江智汇校友会正式成立。微软亚洲研究院副院长潘天佑博士、上海仪电副总裁、创新院董事长李鑫先生、微软亚太研发集团创新孵化总监程骉博士、微软亚洲研究院战略合作总监刘康平博士和创新院总经理朱琳女士出席仪式并为校友会揭牌。
科技创新，人才先行。人工智能已成为上海重点布局三大产业之一，解决AI 人才瓶颈，推动人工智能产业发展既是上海建设全球科创中心的迫切需求，也是创新院所肩负着的重要责任和使命。
2019年5月成立至今，创新院联合微软打造了“三位一体”人工智能人才培养体系，先后培养了200余名高尖端AI人才，助力多家传统企业迈出了数字化转型的关键第一步。未来三年，创新院将培养上万名体系内AI人才，为政企数字化转型打下坚实的人才基础。浦江智汇校友会的成立正是为培养AI人才提供可持续技术交流平台和行业互通合作纽带。
活动当天不少学员和嘉宾都来自北京，受疫情影响，北京、上海两大会场通过现场连线的方式进行互动，活动中，微软亚洲研究院副院长潘天佑博士和上海仪电副总裁、创新院董事长李鑫先生作为校友会发起人分别对校友会的成立做出了期许。
潘院长表示浦江智汇校友会的成立是希望受过AIM训练的各行各业精英能在推动数字化转型的过程中有更多的伙伴互相帮助、互通信息、协伴前行。
李鑫董事长从创新和商业的角度分享了发起校友会的初心，表达了创新院要做校友会是希望校友可以在这个平台上共同碰撞出全新的火花和价值。
浦江智汇校友会轮值主席、华夏基金董事总经理张弘弢先生从业务的角度分享了推进人工智能在产业界的重要性，同时，期望校友会的成立能更好地促进业务和技术间的交流，带动AI在各行业的落地。
最后，浦江智汇校友会会长、创新院总经理朱琳女士、上海仪电副总裁、创新院董事长李鑫先生、校友会副会长（上海）、微软亚洲研究院战略合作总监刘康平博士以及来自华鑫置业的学员代表叶佳帆女士共同为浦江智汇校友会揭牌，微软亚洲研究院副院长潘天佑博士，校友会副会长（北京）、微软亚太研发集团创新孵化总监程骉博士在北京会场共同见证校友会成立。
刘康平博士和朱琳女士对校友会下一步工作提出要求，未来校友会将以校友为核心，将其汇聚浦江，共创价值新高！</description>
    </item>
    
    <item>
      <title>参访学习 合作共建 | 创新院总经理朱琳一行拜访上汽集团人工智能实验室</title>
      <link>https://offical-portal.chinacloudsites.cn/blog/blog-post-1612340817679/</link>
      <pubDate>Wed, 27 Jan 2021 00:00:00 +0000</pubDate>
      
      <guid>https://offical-portal.chinacloudsites.cn/blog/blog-post-1612340817679/</guid>
      <description>1月27日上午，创新院总经理朱琳，党支部书记、副总经理夏禹，副总经理牛红星，总经理助理田雨等一行拜访上汽集团人工智能实验室，受到上汽集团人工智能实验室副主任、赛可智能科技（上海）有限公司副总经理金忠孝博士团队的热情接待，双方围绕未来人工智能领域的协同合作进行了深入交流。上海人工智能研究院首席运营官刘燕京等一行陪同调研。
交流中，金忠孝博士介绍了上汽集团人工智能实验室的发展定位及相关情况，着重介绍了在自动驾驶、物流、金融、制造等领域的人工智能应用成果。金忠孝博士表示，未来上汽集团人工智能实验室和创新院有着广阔的合作空间，希望充分发挥各自优势，在多个业务领域实现合作共赢，为上海人工智能产业发展做出更多贡献。
创新院总经理朱琳表示，仪电集团一直和上汽集团保持着良好的合作关系，创新院作为仪电集团培育人工智能产业的重要抓手和上海市数字化转型的重要参与者，积极参与各行业、各领域的数字化转型，探索跨行业、跨产业的数字化经营实践，在金融、物流、制造等多个领域的数字化转型方面积累了丰富的经验和巨大的技术优势。
通过此次交流对上汽集团尤其是其人工智能实验室有了更加深入的了解，作为体制机制相似的产业集团内部孵化项目，未来希望与上汽集团人工智能实验室进一步加强战略合作，共同在上海市产业创新发展和能级提升方面，特别是智能制造领域共建共研，携手成为智能制造产业的组织者、服务者和推动者，以此强化不同行业间的有机融合，积极营造全新的产业生态！
更多信息，请关注微信公众号</description>
    </item>
    
    <item>
      <title>AI转型，赋能有我</title>
      <link>https://offical-portal.chinacloudsites.cn/blog/blog-post-1597803349951/</link>
      <pubDate>Sun, 16 Aug 2020 15:27:17 +0600</pubDate>
      
      <guid>https://offical-portal.chinacloudsites.cn/blog/blog-post-1597803349951/</guid>
      <description>微软亚洲研究院、微软-仪电人工智能创新院联手打造开发的“AI赋能数字化经理”首期班于8月7日在徐汇西岸国际人工智能中心开班，并于16日顺利落幕。在7日的开班仪式上，微软亚洲研究院战略合作总监刘康平博士、上海市人工智能行业协会秘书长陈海林先生等行业大咖出席仪式并致辞。
 微软亚洲研究院战略合作总监刘康平博士在致辞中表示，祝贺微软-仪电人工智能创新院“AI赋能数字化经理班”在AI Tower开讲，很高兴看到大部分学员来自微软亚洲研究院创新汇会员公司。同时，刘康平博士还从学什么，到哪里学，怎么学，学得如何，学以致用的角度和学员分享了微软在2020年将为全球 2500 万人提供数字技能培训的宏伟计划。上海市人工智能行业协会秘书长陈海林先生也代表行业表达了对“AI赋能数字化经理”首期课程的愿景和期待。
本次五天的课程旨在实现人工智能项目落地的“最后一公里”，培养产业、商业和技术跨界复合型人才，助其成为企业人工智能战略落地的中坚力量。来自强生医疗、上海大众、华星光电、中国电信、星巴克、中国太平洋保险、中国工商银行、上海浦东发展银行、长江养老保险、国泰君安、绿地健康（排名不分先后）等多家世界500强和行业领头企业的30名骨干学员参加并完成本次课程，并获得由微软全球资深副总裁、微软亚太研发集团主席、微软亚洲研究院院长、微软-仪电人工智能创新院院长洪小文签字认证的结业证书。
课程亮点|师资力量 “AI赋能数字化经理”课程作为业内首发的针对人工智能产品和项目经理的赋能课程，集结了自微软亚洲研究院、微软企业服务部、微软（亚洲）互联网工程院、微软-仪电人工智能创新院六位博士历经数月精心打造，内容涉及广泛，覆盖人工智能产品或项目经理所应了解人工智能理论例如人工经典算法，典型任务，行业应用，AI产品及项目开发管理，AI应用实践的方方面面，并结合CV/NLP两个端到端的产品设计安排亲历体验MVP产品的构建过程。</description>
    </item>
    
    <item>
      <title>共建蓝图|创新院牵头仪电集团“十四五”人工智能专题技术规划编制</title>
      <link>https://offical-portal.chinacloudsites.cn/blog/blog-post-1597905349154/</link>
      <pubDate>Wed, 22 Jul 2020 15:27:17 +0600</pubDate>
      
      <guid>https://offical-portal.chinacloudsites.cn/blog/blog-post-1597905349154/</guid>
      <description>2020年7月21日，仪电集团“十四五”人工智能专题技术规划编制启动会暨第一次专题工作会议正式召开。仪电集团科技创新部总经理欧阳葵，上海仪电人工智能创新院副总经理、人工智能专题技术规划工作组组长牛红星，以及人工智能专题技术规划工作组成员单位—仪电创新院、中央研究院、信息科技、仪电鑫森、仪电数字、智能科技的同事们出席了本次会议。会议由人工智能专题技术规划工作组组长牛红星主持。
 仪电集团《“十四五”科技发展规划（2021-2025）》是仪电集团未来5年科技发展工作的重要纲领及整体指导性文件，是上海仪电集团迈进创新型企业集团行列的科技行动指南。
其中有七大技术专题（云计算、物联网、大数据、人工智能、信息安全、智能制造及工业互联网、智能硬件），创新院在人工智能专题技术规划工作组中担任组长单位，牵头《“十四五”人工智能专题技术（应用发展）规划》的编制工作。此次人工智能专题技术规划的编制旨在摸清各单位人工智能技术现状，贴合仪电企业发展的实际需求，思考并明确未来五年技术发展目标，梳理“卡脖子”技术和重点任务，确定实现路径、技术路线与过程里程碑，为未来发展奠定坚实基础。
仪电集团科技创新部欧阳总在会上强调了此次人工智能专题技术规划的编制背景和重要意义。欧阳总指出，近年来仪电集团科技的整体实力和水平虽然已经取得了长足发展，在集团转型发展中，急需进一步提升产品技术性能和质量水平，加强企业自主创新能力。如何确立未来仪电科技创新的战略定位、实现路径与技术路径是做好本次规划编制的重要命题。人工智能专题技术在此次科技发展规划的编制中占据重要的份额，“摸清家底”有助于集中集团内外产学研多方优势力量，对集团发展各主要领域的核心关键科技问题进行协同攻关。
推进工作计划 来自仪电创新院、中央研究院、信息科技、仪电鑫森、仪电数字、智能科技的同事也在会上分别分享了各自在人工智能科技发展方面的整体目标、核心技术和重点项目。
最后，创新院副总经理牛红星进行了会议总结，并进一步明确了人工智能专题技术规划工作组的具体工作目标、分工和推进计划。牛总指出，各组员单位需充分利用这一机会，一方面在于通过系统梳理自身在人工智能领域的科技发展总体目标、重点领域和课题，对自身在人工智能领域的技术现状有更清晰的认识；另一方面，对于上述重点领域、项目、工程或者课题的资源需求与痛点问题也可以借此机会集中讨论，各单位优势互补，助力仪电集团在未来五年内达成“十四五”科技发展规划建设目标。
排版：Patra</description>
    </item>
    
    <item>
      <title>圆满落幕｜创新院鼎力支持2020世界人工智能大会云端峰会</title>
      <link>https://offical-portal.chinacloudsites.cn/blog/blog-post-1597904790503/</link>
      <pubDate>Mon, 13 Jul 2020 15:27:17 +0600</pubDate>
      
      <guid>https://offical-portal.chinacloudsites.cn/blog/blog-post-1597904790503/</guid>
      <description>7月11日，2020世界人工智能大会云端峰会圆满落幕。三天来，共有超过550位重磅嘉宾相聚云端，其中7位图灵奖得主、1位诺贝尔奖得主、62位中外顶级院士，共话最前沿技术生态；“3D虚拟AI家园”内来自13个国家、150多家重量级企业带来的AI奇妙体验，令人回味无穷；新一批上海人工智能重大应用场景需求重磅发布，再度向全球AI企业发出英雄帖；上海人工智能实验室等一大批大项目纷纷签约落“沪”，可谓成果颇丰。
 最后的项目签约和成果发布活动上，市委副书记、代市长龚正，市委常委、副市长吴清，市委常委、浦东新区区委书记翁祖亮，上海交通大学党委书记杨振斌，市政府秘书长陈靖，市政府副秘书长陈鸣波等出席。
上海仪电集团董事长吴建雄受邀出席。该活动由上海市人工智能行业协会具体承办，得到了副秘书长单位微软-仪电人工智能创新院的大力支持。
项目签约 在集中签约环节，8个上海人工智能产业投资基金项目、36个人工智能产业项目分别于现场、分会场和云端签约，签约项目总额超过300亿元。
在揭牌仪式环节，上海仪电集团董事长吴建雄作为上海市人工智能行业协会会长，在龚市长的见证下，与市委常委、浦东新区区委翁书记一同为上海市人工智能行业协会揭牌。
上海市人工智能行业协会作为实体组织，将致力于推进上海市人工智能发展的总体要求，与上海市经信委、民政局等单位合作，优化全市人工智能产业布局和产业生态，保持定力和耐力服务好行业性的技术迭代和产业升级，为上海创新生态不断注入新的活力。
上海仪电（集团）作为上海人工智能生态产业链的重要构建者和参与者，将继续积极配合上海发布的《关于建设人工智能上海高地 构建一流创新生态行动方案》，参与布局人工智能创新载体，加快推动人工智能与实体经济融合发展，助力上海建设国家人工智能发展高地和具有全球影响力的科技创新中心。</description>
    </item>
    
    <item>
      <title>AI CAMP|联手行业巨头独家推出人工智能头部课程</title>
      <link>https://offical-portal.chinacloudsites.cn/blog/blog-post-3/</link>
      <pubDate>Thu, 02 Jul 2020 15:13:34 +0800</pubDate>
      
      <guid>https://offical-portal.chinacloudsites.cn/blog/blog-post-3/</guid>
      <description> 2020年8月7日、8日、14日、15日在西岸AI TOWER 43楼豪华江景培训大厅现场聆听微软大咖讲授AI落地方法论，零距离接触AI尖端科技，成为炙手可热的AI复合型人才。
  </description>
    </item>
    
    <item>
      <title>人工智能实训平台预览版1.0成功发布</title>
      <link>https://offical-portal.chinacloudsites.cn/blog/blog-post-1598431618835/</link>
      <pubDate>Thu, 28 May 2020 15:27:17 +0600</pubDate>
      
      <guid>https://offical-portal.chinacloudsites.cn/blog/blog-post-1598431618835/</guid>
      <description>2021年5月26日，上海仪电人工智能创新院和中央研究院成功举办了人工智能实训平台1.0预览版发布会，为人工智能的教学和实操提供了崭新的视野。
 在创新院成立一周年之际，人工智能实训平台1.0预览版发布会在仪电园区举行。
跟紧现在“云生态”的潮流，发布会以线上线下两种方式同时进行直播，全程在线，互动不断。
开发历程 在这场“优化线上人工智能学习体验”的发布会中，创新院副总经理牛红星亲临现场欢迎各位嘉宾的到来，并给大家介绍了整个项目开发的历程。他提到了本次项目所遇到的困难和瓶颈，特别强调了在疫情严峻的情况下，研发人员仍坚守在家努力不懈按时完成目标的奋斗精神。
排版：Gwen
校核：Tina, Rain</description>
    </item>
    
    <item>
      <title>一键生成AI学习环境</title>
      <link>https://offical-portal.chinacloudsites.cn/blog/blog-post-2/</link>
      <pubDate>Sat, 06 Jul 2019 15:27:17 +0600</pubDate>
      
      <guid>https://offical-portal.chinacloudsites.cn/blog/blog-post-2/</guid>
      <description>近半年的线上学习和工作模式让我们都彻底体验了一把“云生态”，提高效率的同时，也有许多不尽如人意的系统性问题亟待解决。
 而在IT和人工智能的学习过程中，由于系统的繁复性和巨大的数据存储要求，优化线上学习体验就成为了一个必然性的选择。
如何让授课者随时随地的顺畅教学而无需承载系统平台数据流量的浪费；实时教学的同时，又能让学员在自己的电脑上进行实操体验，而无需下载一个又一个软件。总而言之，在便捷的基础上提升学习效率和记忆，从而保证学习质量，成为了AI授课系统需要攻坚的难题。
小编今天与大家分享的是创新院的新成果——人工智能技术实训平台，恰恰就解决了以上的这些问题。具体的平台信息让我们一起来了解。
 人工智能实训平台1.0预览版正式发布 基于3月推出的人工智能0.2版本，创新院将于2020年5月26日进行线上线下双发布，重磅推出历时一年，由全球顶尖人工智能专家和软件开发团队研发的人工智能实训平台1.0预览版。
 一键创建AI学习环境，一个平台纵览全球最新AI技术，助力上海市打造人工智能科研和人才培训高地！ 人工智能创新院倾情奉献全力支持上海市新基建行动！</description>
    </item>
    
  </channel>
</rss>
