<?xml version="1.0" encoding="utf-8" standalone="yes"?>
<rss version="2.0" xmlns:atom="http://www.w3.org/2005/Atom">
  <channel>
    <title>浦江智汇校友会 on 上海仪电人工智能创新院</title>
    <link>https://offical-portal.chinacloudsites.cn/tags/%E6%B5%A6%E6%B1%9F%E6%99%BA%E6%B1%87%E6%A0%A1%E5%8F%8B%E4%BC%9A/</link>
    <description>Recent content in 浦江智汇校友会 on 上海仪电人工智能创新院</description>
    <generator>Hugo -- gohugo.io</generator>
    <language>zh-cn</language>
    <copyright> Copyright © 2020-2023 Shaiic. All Rights Reserved.</copyright>
    <lastBuildDate>Sat, 30 Jan 2021 00:00:00 +0000</lastBuildDate><atom:link href="https://offical-portal.chinacloudsites.cn/tags/%E6%B5%A6%E6%B1%9F%E6%99%BA%E6%B1%87%E6%A0%A1%E5%8F%8B%E4%BC%9A/index.xml" rel="self" type="application/rss+xml" />
    <item>
      <title>加快打造人才集聚“强磁场”|浦江智汇校友会正式成立</title>
      <link>https://offical-portal.chinacloudsites.cn/blog/blog-post-1612837785127/</link>
      <pubDate>Sat, 30 Jan 2021 00:00:00 +0000</pubDate>
      
      <guid>https://offical-portal.chinacloudsites.cn/blog/blog-post-1612837785127/</guid>
      <description>1月30日，由创新院创立的浦江智汇校友会正式成立。微软亚洲研究院副院长潘天佑博士、上海仪电副总裁、创新院董事长李鑫先生、微软亚太研发集团创新孵化总监程骉博士、微软亚洲研究院战略合作总监刘康平博士和创新院总经理朱琳女士出席仪式并为校友会揭牌。
科技创新，人才先行。人工智能已成为上海重点布局三大产业之一，解决AI 人才瓶颈，推动人工智能产业发展既是上海建设全球科创中心的迫切需求，也是创新院所肩负着的重要责任和使命。
2019年5月成立至今，创新院联合微软打造了“三位一体”人工智能人才培养体系，先后培养了200余名高尖端AI人才，助力多家传统企业迈出了数字化转型的关键第一步。未来三年，创新院将培养上万名体系内AI人才，为政企数字化转型打下坚实的人才基础。浦江智汇校友会的成立正是为培养AI人才提供可持续技术交流平台和行业互通合作纽带。
活动当天不少学员和嘉宾都来自北京，受疫情影响，北京、上海两大会场通过现场连线的方式进行互动，活动中，微软亚洲研究院副院长潘天佑博士和上海仪电副总裁、创新院董事长李鑫先生作为校友会发起人分别对校友会的成立做出了期许。
潘院长表示浦江智汇校友会的成立是希望受过AIM训练的各行各业精英能在推动数字化转型的过程中有更多的伙伴互相帮助、互通信息、协伴前行。
李鑫董事长从创新和商业的角度分享了发起校友会的初心，表达了创新院要做校友会是希望校友可以在这个平台上共同碰撞出全新的火花和价值。
浦江智汇校友会轮值主席、华夏基金董事总经理张弘弢先生从业务的角度分享了推进人工智能在产业界的重要性，同时，期望校友会的成立能更好地促进业务和技术间的交流，带动AI在各行业的落地。
最后，浦江智汇校友会会长、创新院总经理朱琳女士、上海仪电副总裁、创新院董事长李鑫先生、校友会副会长（上海）、微软亚洲研究院战略合作总监刘康平博士以及来自华鑫置业的学员代表叶佳帆女士共同为浦江智汇校友会揭牌，微软亚洲研究院副院长潘天佑博士，校友会副会长（北京）、微软亚太研发集团创新孵化总监程骉博士在北京会场共同见证校友会成立。
刘康平博士和朱琳女士对校友会下一步工作提出要求，未来校友会将以校友为核心，将其汇聚浦江，共创价值新高！</description>
    </item>
    
  </channel>
</rss>
