<?xml version="1.0" encoding="utf-8" standalone="yes"?>
<rss version="2.0" xmlns:atom="http://www.w3.org/2005/Atom">
  <channel>
    <title>AI赋能数字化经理班 on 上海仪电人工智能创新院</title>
    <link>https://offical-portal.chinacloudsites.cn/tags/ai%E8%B5%8B%E8%83%BD%E6%95%B0%E5%AD%97%E5%8C%96%E7%BB%8F%E7%90%86%E7%8F%AD/</link>
    <description>Recent content in AI赋能数字化经理班 on 上海仪电人工智能创新院</description>
    <generator>Hugo -- gohugo.io</generator>
    <language>zh-cn</language>
    <copyright> Copyright © 2020-2023 Shaiic. All Rights Reserved.</copyright>
    <lastBuildDate>Sun, 16 Aug 2020 15:27:17 +0600</lastBuildDate><atom:link href="https://offical-portal.chinacloudsites.cn/tags/ai%E8%B5%8B%E8%83%BD%E6%95%B0%E5%AD%97%E5%8C%96%E7%BB%8F%E7%90%86%E7%8F%AD/index.xml" rel="self" type="application/rss+xml" />
    <item>
      <title>AI转型，赋能有我</title>
      <link>https://offical-portal.chinacloudsites.cn/blog/blog-post-1597803349951/</link>
      <pubDate>Sun, 16 Aug 2020 15:27:17 +0600</pubDate>
      
      <guid>https://offical-portal.chinacloudsites.cn/blog/blog-post-1597803349951/</guid>
      <description>微软亚洲研究院、微软-仪电人工智能创新院联手打造开发的“AI赋能数字化经理”首期班于8月7日在徐汇西岸国际人工智能中心开班，并于16日顺利落幕。在7日的开班仪式上，微软亚洲研究院战略合作总监刘康平博士、上海市人工智能行业协会秘书长陈海林先生等行业大咖出席仪式并致辞。
 微软亚洲研究院战略合作总监刘康平博士在致辞中表示，祝贺微软-仪电人工智能创新院“AI赋能数字化经理班”在AI Tower开讲，很高兴看到大部分学员来自微软亚洲研究院创新汇会员公司。同时，刘康平博士还从学什么，到哪里学，怎么学，学得如何，学以致用的角度和学员分享了微软在2020年将为全球 2500 万人提供数字技能培训的宏伟计划。上海市人工智能行业协会秘书长陈海林先生也代表行业表达了对“AI赋能数字化经理”首期课程的愿景和期待。
本次五天的课程旨在实现人工智能项目落地的“最后一公里”，培养产业、商业和技术跨界复合型人才，助其成为企业人工智能战略落地的中坚力量。来自强生医疗、上海大众、华星光电、中国电信、星巴克、中国太平洋保险、中国工商银行、上海浦东发展银行、长江养老保险、国泰君安、绿地健康（排名不分先后）等多家世界500强和行业领头企业的30名骨干学员参加并完成本次课程，并获得由微软全球资深副总裁、微软亚太研发集团主席、微软亚洲研究院院长、微软-仪电人工智能创新院院长洪小文签字认证的结业证书。
课程亮点|师资力量 “AI赋能数字化经理”课程作为业内首发的针对人工智能产品和项目经理的赋能课程，集结了自微软亚洲研究院、微软企业服务部、微软（亚洲）互联网工程院、微软-仪电人工智能创新院六位博士历经数月精心打造，内容涉及广泛，覆盖人工智能产品或项目经理所应了解人工智能理论例如人工经典算法，典型任务，行业应用，AI产品及项目开发管理，AI应用实践的方方面面，并结合CV/NLP两个端到端的产品设计安排亲历体验MVP产品的构建过程。</description>
    </item>
    
  </channel>
</rss>
