<?xml version="1.0" encoding="utf-8" standalone="yes"?>
<rss version="2.0" xmlns:atom="http://www.w3.org/2005/Atom">
  <channel>
    <title>合作伙伴 on 上海仪电人工智能创新院</title>
    <link>https://offical-portal.chinacloudsites.cn/partner/</link>
    <description>Recent content in 合作伙伴 on 上海仪电人工智能创新院</description>
    <generator>Hugo -- gohugo.io</generator>
    <language>zh-cn</language>
    <copyright> Copyright © 2020-2023 Shaiic. All Rights Reserved.</copyright>
    <lastBuildDate>Wed, 28 Apr 2021 10:36:12 +0800</lastBuildDate><atom:link href="https://offical-portal.chinacloudsites.cn/partner/index.xml" rel="self" type="application/rss+xml" />
    <item>
      <title>Ali</title>
      <link>https://offical-portal.chinacloudsites.cn/partner/ali/</link>
      <pubDate>Wed, 28 Apr 2021 10:39:28 +0800</pubDate>
      
      <guid>https://offical-portal.chinacloudsites.cn/partner/ali/</guid>
      <description></description>
    </item>
    
    <item>
      <title>Face&#43;&#43;</title>
      <link>https://offical-portal.chinacloudsites.cn/partner/msra-%E5%89%AF%E6%9C%AC/</link>
      <pubDate>Wed, 28 Apr 2021 10:39:28 +0800</pubDate>
      
      <guid>https://offical-portal.chinacloudsites.cn/partner/msra-%E5%89%AF%E6%9C%AC/</guid>
      <description></description>
    </item>
    
    <item>
      <title>Msra</title>
      <link>https://offical-portal.chinacloudsites.cn/partner/msra/</link>
      <pubDate>Wed, 28 Apr 2021 10:39:28 +0800</pubDate>
      
      <guid>https://offical-portal.chinacloudsites.cn/partner/msra/</guid>
      <description></description>
    </item>
    
    <item>
      <title>百度</title>
      <link>https://offical-portal.chinacloudsites.cn/partner/baidu/</link>
      <pubDate>Wed, 28 Apr 2021 10:39:28 +0800</pubDate>
      
      <guid>https://offical-portal.chinacloudsites.cn/partner/baidu/</guid>
      <description></description>
    </item>
    
  </channel>
</rss>
