<?xml version="1.0" encoding="utf-8" standalone="yes"?>
<rss version="2.0" xmlns:atom="http://www.w3.org/2005/Atom">
  <channel>
    <title>上海仪电人工智能创新院</title>
    <link>https://offical-portal.chinacloudsites.cn/en/</link>
    <description>Recent content on 上海仪电人工智能创新院</description>
    <generator>Hugo -- gohugo.io</generator>
    <language>en-us</language>
    <copyright> Copyright © 2020-2023 Shaiic. All Rights Reserved.</copyright>
    <lastBuildDate>Wed, 28 Apr 2021 14:41:42 +0800</lastBuildDate><atom:link href="https://offical-portal.chinacloudsites.cn/en/index.xml" rel="self" type="application/rss+xml" />
    <item>
      <title>Ali</title>
      <link>https://offical-portal.chinacloudsites.cn/en/partner/ali/</link>
      <pubDate>Wed, 28 Apr 2021 10:39:28 +0800</pubDate>
      
      <guid>https://offical-portal.chinacloudsites.cn/en/partner/ali/</guid>
      <description></description>
    </item>
    
    <item>
      <title>Face&#43;&#43;</title>
      <link>https://offical-portal.chinacloudsites.cn/en/partner/msra-%E5%89%AF%E6%9C%AC/</link>
      <pubDate>Wed, 28 Apr 2021 10:39:28 +0800</pubDate>
      
      <guid>https://offical-portal.chinacloudsites.cn/en/partner/msra-%E5%89%AF%E6%9C%AC/</guid>
      <description></description>
    </item>
    
    <item>
      <title>Msra</title>
      <link>https://offical-portal.chinacloudsites.cn/en/partner/msra/</link>
      <pubDate>Wed, 28 Apr 2021 10:39:28 +0800</pubDate>
      
      <guid>https://offical-portal.chinacloudsites.cn/en/partner/msra/</guid>
      <description></description>
    </item>
    
    <item>
      <title>百度</title>
      <link>https://offical-portal.chinacloudsites.cn/en/partner/baidu/</link>
      <pubDate>Wed, 28 Apr 2021 10:39:28 +0800</pubDate>
      
      <guid>https://offical-portal.chinacloudsites.cn/en/partner/baidu/</guid>
      <description></description>
    </item>
    
    <item>
      <title>上海仪电召开2021年全面从严治党工作会议</title>
      <link>https://offical-portal.chinacloudsites.cn/en/party_affair/pa1/</link>
      <pubDate>Mon, 13 Jul 2020 15:27:17 +0600</pubDate>
      
      <guid>https://offical-portal.chinacloudsites.cn/en/party_affair/pa1/</guid>
      <description>上海仪电人工智能创新院 上海仪电人工智能创新院有限公司（微软-仪电人工智能创新院）是上海仪电集团旗下的子公司、上海政产学研合作执行大型人工智能落地项目的工作空间和开发平台。
创新院致力于引进和扶持人工智能领域的高精尖人才，制定多层次人才培养计划加强人工智能人才梯队建立；不断创新研发人工智能的关键技术，加速人工智能研发落地，将更多先进的人工智能科研成果转化到实际应用中，为中国企业提供基于微软技术的人工智能研发平台服务和培训服务，帮助企业和政府决策者推进数字化转型战略落地和人工智能产业发展，助力上海建设国家人工智能发展高地和具有全球影响力的科技创新中心。
2020年9月24日微软亚洲研究院第三届创新论坛上，微软全球资深副总裁、微软亚太研发集团主席、微软亚洲研究院院长兼微软-仪电人工智能创新院院长洪小文博士向微软亚洲研究院创新汇会员正式发布“人工智能经理” AIM课程。
服务的客户——面向行业龙头企业的AI战略落地和数字化转型需求
“人工智能经理”AIM(AI Manager)课程由微软亚洲研究院和微软-仪电人工智能创新院联手精心打造，通过为期一个月的学期制课堂授课、动手实践和商业案例，旨在培养通晓管理、技术和业务，能够领悟高层战略，沟通业务需求和带领技术团队实施交付AI项目的“C位”复合型人才。</description>
    </item>
    
    <item>
      <title>五一工会礼品</title>
      <link>https://offical-portal.chinacloudsites.cn/en/party_affair/lu1-%E5%89%AF%E6%9C%AC-2/</link>
      <pubDate>Mon, 13 Jul 2020 15:27:17 +0600</pubDate>
      
      <guid>https://offical-portal.chinacloudsites.cn/en/party_affair/lu1-%E5%89%AF%E6%9C%AC-2/</guid>
      <description>上海仪电人工智能创新院 上海仪电人工智能创新院有限公司（微软-仪电人工智能创新院）是上海仪电集团旗下的子公司、上海政产学研合作执行大型人工智能落地项目的工作空间和开发平台。
创新院致力于引进和扶持人工智能领域的高精尖人才，制定多层次人才培养计划加强人工智能人才梯队建立；不断创新研发人工智能的关键技术，加速人工智能研发落地，将更多先进的人工智能科研成果转化到实际应用中，为中国企业提供基于微软技术的人工智能研发平台服务和培训服务，帮助企业和政府决策者推进数字化转型战略落地和人工智能产业发展，助力上海建设国家人工智能发展高地和具有全球影响力的科技创新中心。
2020年9月24日微软亚洲研究院第三届创新论坛上，微软全球资深副总裁、微软亚太研发集团主席、微软亚洲研究院院长兼微软-仪电人工智能创新院院长洪小文博士向微软亚洲研究院创新汇会员正式发布“人工智能经理” AIM课程。
服务的客户——面向行业龙头企业的AI战略落地和数字化转型需求
“人工智能经理”AIM(AI Manager)课程由微软亚洲研究院和微软-仪电人工智能创新院联手精心打造，通过为期一个月的学期制课堂授课、动手实践和商业案例，旨在培养通晓管理、技术和业务，能够领悟高层战略，沟通业务需求和带领技术团队实施交付AI项目的“C位”复合型人才。</description>
    </item>
    
    <item>
      <title>参观ABC</title>
      <link>https://offical-portal.chinacloudsites.cn/en/party_affair/pa1-%E5%89%AF%E6%9C%AC-3/</link>
      <pubDate>Mon, 13 Jul 2020 15:27:17 +0600</pubDate>
      
      <guid>https://offical-portal.chinacloudsites.cn/en/party_affair/pa1-%E5%89%AF%E6%9C%AC-3/</guid>
      <description>上海仪电人工智能创新院 上海仪电人工智能创新院有限公司（微软-仪电人工智能创新院）是上海仪电集团旗下的子公司、上海政产学研合作执行大型人工智能落地项目的工作空间和开发平台。
创新院致力于引进和扶持人工智能领域的高精尖人才，制定多层次人才培养计划加强人工智能人才梯队建立；不断创新研发人工智能的关键技术，加速人工智能研发落地，将更多先进的人工智能科研成果转化到实际应用中，为中国企业提供基于微软技术的人工智能研发平台服务和培训服务，帮助企业和政府决策者推进数字化转型战略落地和人工智能产业发展，助力上海建设国家人工智能发展高地和具有全球影响力的科技创新中心。
2020年9月24日微软亚洲研究院第三届创新论坛上，微软全球资深副总裁、微软亚太研发集团主席、微软亚洲研究院院长兼微软-仪电人工智能创新院院长洪小文博士向微软亚洲研究院创新汇会员正式发布“人工智能经理” AIM课程。
服务的客户——面向行业龙头企业的AI战略落地和数字化转型需求
“人工智能经理”AIM(AI Manager)课程由微软亚洲研究院和微软-仪电人工智能创新院联手精心打造，通过为期一个月的学期制课堂授课、动手实践和商业案例，旨在培养通晓管理、技术和业务，能够领悟高层战略，沟通业务需求和带领技术团队实施交付AI项目的“C位”复合型人才。</description>
    </item>
    
    <item>
      <title>学四史</title>
      <link>https://offical-portal.chinacloudsites.cn/en/party_affair/pa1-%E5%89%AF%E6%9C%AC/</link>
      <pubDate>Mon, 13 Jul 2020 15:27:17 +0600</pubDate>
      
      <guid>https://offical-portal.chinacloudsites.cn/en/party_affair/pa1-%E5%89%AF%E6%9C%AC/</guid>
      <description>上海仪电人工智能创新院 上海仪电人工智能创新院有限公司（微软-仪电人工智能创新院）是上海仪电集团旗下的子公司、上海政产学研合作执行大型人工智能落地项目的工作空间和开发平台。
创新院致力于引进和扶持人工智能领域的高精尖人才，制定多层次人才培养计划加强人工智能人才梯队建立；不断创新研发人工智能的关键技术，加速人工智能研发落地，将更多先进的人工智能科研成果转化到实际应用中，为中国企业提供基于微软技术的人工智能研发平台服务和培训服务，帮助企业和政府决策者推进数字化转型战略落地和人工智能产业发展，助力上海建设国家人工智能发展高地和具有全球影响力的科技创新中心。
2020年9月24日微软亚洲研究院第三届创新论坛上，微软全球资深副总裁、微软亚太研发集团主席、微软亚洲研究院院长兼微软-仪电人工智能创新院院长洪小文博士向微软亚洲研究院创新汇会员正式发布“人工智能经理” AIM课程。
服务的客户——面向行业龙头企业的AI战略落地和数字化转型需求
“人工智能经理”AIM(AI Manager)课程由微软亚洲研究院和微软-仪电人工智能创新院联手精心打造，通过为期一个月的学期制课堂授课、动手实践和商业案例，旨在培养通晓管理、技术和业务，能够领悟高层战略，沟通业务需求和带领技术团队实施交付AI项目的“C位”复合型人才。</description>
    </item>
    
    <item>
      <title>工会支部会议</title>
      <link>https://offical-portal.chinacloudsites.cn/en/party_affair/lu1-%E5%89%AF%E6%9C%AC/</link>
      <pubDate>Mon, 13 Jul 2020 15:27:17 +0600</pubDate>
      
      <guid>https://offical-portal.chinacloudsites.cn/en/party_affair/lu1-%E5%89%AF%E6%9C%AC/</guid>
      <description>上海仪电人工智能创新院 上海仪电人工智能创新院有限公司（微软-仪电人工智能创新院）是上海仪电集团旗下的子公司、上海政产学研合作执行大型人工智能落地项目的工作空间和开发平台。
创新院致力于引进和扶持人工智能领域的高精尖人才，制定多层次人才培养计划加强人工智能人才梯队建立；不断创新研发人工智能的关键技术，加速人工智能研发落地，将更多先进的人工智能科研成果转化到实际应用中，为中国企业提供基于微软技术的人工智能研发平台服务和培训服务，帮助企业和政府决策者推进数字化转型战略落地和人工智能产业发展，助力上海建设国家人工智能发展高地和具有全球影响力的科技创新中心。
2020年9月24日微软亚洲研究院第三届创新论坛上，微软全球资深副总裁、微软亚太研发集团主席、微软亚洲研究院院长兼微软-仪电人工智能创新院院长洪小文博士向微软亚洲研究院创新汇会员正式发布“人工智能经理” AIM课程。
服务的客户——面向行业龙头企业的AI战略落地和数字化转型需求
“人工智能经理”AIM(AI Manager)课程由微软亚洲研究院和微软-仪电人工智能创新院联手精心打造，通过为期一个月的学期制课堂授课、动手实践和商业案例，旨在培养通晓管理、技术和业务，能够领悟高层战略，沟通业务需求和带领技术团队实施交付AI项目的“C位”复合型人才。</description>
    </item>
    
    <item>
      <title>第一次XX大会</title>
      <link>https://offical-portal.chinacloudsites.cn/en/party_affair/pa1-%E5%89%AF%E6%9C%AC-2/</link>
      <pubDate>Mon, 13 Jul 2020 15:27:17 +0600</pubDate>
      
      <guid>https://offical-portal.chinacloudsites.cn/en/party_affair/pa1-%E5%89%AF%E6%9C%AC-2/</guid>
      <description>上海仪电人工智能创新院 上海仪电人工智能创新院有限公司（微软-仪电人工智能创新院）是上海仪电集团旗下的子公司、上海政产学研合作执行大型人工智能落地项目的工作空间和开发平台。
创新院致力于引进和扶持人工智能领域的高精尖人才，制定多层次人才培养计划加强人工智能人才梯队建立；不断创新研发人工智能的关键技术，加速人工智能研发落地，将更多先进的人工智能科研成果转化到实际应用中，为中国企业提供基于微软技术的人工智能研发平台服务和培训服务，帮助企业和政府决策者推进数字化转型战略落地和人工智能产业发展，助力上海建设国家人工智能发展高地和具有全球影响力的科技创新中心。
2020年9月24日微软亚洲研究院第三届创新论坛上，微软全球资深副总裁、微软亚太研发集团主席、微软亚洲研究院院长兼微软-仪电人工智能创新院院长洪小文博士向微软亚洲研究院创新汇会员正式发布“人工智能经理” AIM课程。
服务的客户——面向行业龙头企业的AI战略落地和数字化转型需求
“人工智能经理”AIM(AI Manager)课程由微软亚洲研究院和微软-仪电人工智能创新院联手精心打造，通过为期一个月的学期制课堂授课、动手实践和商业案例，旨在培养通晓管理、技术和业务，能够领悟高层战略，沟通业务需求和带领技术团队实施交付AI项目的“C位”复合型人才。</description>
    </item>
    
    <item>
      <title>第一次工会大会</title>
      <link>https://offical-portal.chinacloudsites.cn/en/party_affair/lu1/</link>
      <pubDate>Mon, 13 Jul 2020 15:27:17 +0600</pubDate>
      
      <guid>https://offical-portal.chinacloudsites.cn/en/party_affair/lu1/</guid>
      <description>上海仪电人工智能创新院 上海仪电人工智能创新院有限公司（微软-仪电人工智能创新院）是上海仪电集团旗下的子公司、上海政产学研合作执行大型人工智能落地项目的工作空间和开发平台。
创新院致力于引进和扶持人工智能领域的高精尖人才，制定多层次人才培养计划加强人工智能人才梯队建立；不断创新研发人工智能的关键技术，加速人工智能研发落地，将更多先进的人工智能科研成果转化到实际应用中，为中国企业提供基于微软技术的人工智能研发平台服务和培训服务，帮助企业和政府决策者推进数字化转型战略落地和人工智能产业发展，助力上海建设国家人工智能发展高地和具有全球影响力的科技创新中心。
2020年9月24日微软亚洲研究院第三届创新论坛上，微软全球资深副总裁、微软亚太研发集团主席、微软亚洲研究院院长兼微软-仪电人工智能创新院院长洪小文博士向微软亚洲研究院创新汇会员正式发布“人工智能经理” AIM课程。
服务的客户——面向行业龙头企业的AI战略落地和数字化转型需求
“人工智能经理”AIM(AI Manager)课程由微软亚洲研究院和微软-仪电人工智能创新院联手精心打造，通过为期一个月的学期制课堂授课、动手实践和商业案例，旨在培养通晓管理、技术和业务，能够领悟高层战略，沟通业务需求和带领技术团队实施交付AI项目的“C位”复合型人才。</description>
    </item>
    
    <item>
      <title>AI CAMP|联手行业巨头独家推出人工智能头部课程</title>
      <link>https://offical-portal.chinacloudsites.cn/en/blog/blog-post-3/</link>
      <pubDate>Thu, 02 Jul 2020 15:13:34 +0800</pubDate>
      
      <guid>https://offical-portal.chinacloudsites.cn/en/blog/blog-post-3/</guid>
      <description> 2020年8月7日、8日、14日、15日在西岸AI TOWER 43楼豪华江景培训大厅现场聆听微软大咖讲授AI落地方法论，零距离接触AI尖端科技，成为炙手可热的AI复合型人才。
  </description>
    </item>
    
    <item>
      <title>人工智能实训平台预览版1.0成功发布</title>
      <link>https://offical-portal.chinacloudsites.cn/en/blog/blog-post-1/</link>
      <pubDate>Thu, 28 May 2020 15:27:17 +0600</pubDate>
      
      <guid>https://offical-portal.chinacloudsites.cn/en/blog/blog-post-1/</guid>
      <description>2020年5月26日，上海仪电人工智能创新院和中央研究院成功举办了人工智能实训平台1.0预览版发布会，为人工智能的教学和实操提供了崭新的视野。
 在创新院成立一周年之际，人工智能实训平台1.0预览版发布会在仪电园区举行。
跟紧现在“云生态”的潮流，发布会以线上线下两种方式同时进行直播，全程在线，互动不断。
现场嘉宾满座，聚集了行业内专业人士的积极参与，众多嘉宾到场祝贺，有来自合作伙伴微软亚洲研究院、仪电中央研究院的同事们，来自集团科创部、培训中心的同事们，以及来自兄弟单位南洋万邦、云赛空间的朋友们，大家共同见证人工智能实训平台1.0的重磅首发。
开发历程 在这场“优化线上人工智能学习体验”的发布会中，创新院副总经理牛红星亲临现场欢迎各位嘉宾的到来，并给大家介绍了整个项目开发的历程。他提到了本次项目所遇到的困难和瓶颈，特别强调了在疫情严峻的情况下，研发人员仍坚守在家努力不懈按时完成目标的奋斗精神。
项目背景｜特点｜架构 发布会现场，项目经理李方介绍总结了项目背景，特点和架构，以及展示了项目目前所取得的进展和荣誉。</description>
    </item>
    
    <item>
      <title>Jolin</title>
      <link>https://offical-portal.chinacloudsites.cn/en/teacher/leader-1/</link>
      <pubDate>Wed, 27 May 2020 15:27:17 +0600</pubDate>
      
      <guid>https://offical-portal.chinacloudsites.cn/en/teacher/leader-1/</guid>
      <description>À propos de moi Lorem ipsum dolor sit amet, consectetur adipisicing elit, sed do eiusmod tempor incididunt ut labore et dolore magna aliqua.</description>
    </item>
    
    <item>
      <title>Hongxing Niu</title>
      <link>https://offical-portal.chinacloudsites.cn/en/teacher/leader-2/</link>
      <pubDate>Thu, 21 May 2020 15:27:17 +0600</pubDate>
      
      <guid>https://offical-portal.chinacloudsites.cn/en/teacher/leader-2/</guid>
      <description>À propos de moi Lorem ipsum dolor sit amet, consectetur adipisicing elit, sed do eiusmod tempor incididunt ut labore et dolore magna aliqua.</description>
    </item>
    
    <item>
      <title>Rain Xia</title>
      <link>https://offical-portal.chinacloudsites.cn/en/teacher/leader-3/</link>
      <pubDate>Wed, 20 May 2020 15:27:17 +0600</pubDate>
      
      <guid>https://offical-portal.chinacloudsites.cn/en/teacher/leader-3/</guid>
      <description>À propos de moi Lorem ipsum dolor sit amet, consectetur adipisicing elit, sed do eiusmod tempor incididunt ut labore et dolore magna aliqua.</description>
    </item>
    
    <item>
      <title>一键生成AI学习环境</title>
      <link>https://offical-portal.chinacloudsites.cn/en/blog/blog-post-2/</link>
      <pubDate>Sat, 06 Jul 2019 15:27:17 +0600</pubDate>
      
      <guid>https://offical-portal.chinacloudsites.cn/en/blog/blog-post-2/</guid>
      <description>近半年的线上学习和工作模式让我们都彻底体验了一把“云生态”，提高效率的同时，也有许多不尽如人意的系统性问题亟待解决。
 而在IT和人工智能的学习过程中，由于系统的繁复性和巨大的数据存储要求，优化线上学习体验就成为了一个必然性的选择。
如何让授课者随时随地的顺畅教学而无需承载系统平台数据流量的浪费；实时教学的同时，又能让学员在自己的电脑上进行实操体验，而无需下载一个又一个软件。总而言之，在便捷的基础上提升学习效率和记忆，从而保证学习质量，成为了AI授课系统需要攻坚的难题。
小编今天与大家分享的是创新院的新成果——人工智能技术实训平台，恰恰就解决了以上的这些问题。具体的平台信息让我们一起来了解。
 人工智能实训平台1.0预览版正式发布 基于3月推出的人工智能0.2版本，创新院将于2020年5月26日进行线上线下双发布，重磅推出历时一年，由全球顶尖人工智能专家和软件开发团队研发的人工智能实训平台1.0预览版。
 一键创建AI学习环境，一个平台纵览全球最新AI技术，助力上海市打造人工智能科研和人才培训高地！ 人工智能创新院倾情奉献全力支持上海市新基建行动！</description>
    </item>
    
    <item>
      <title>人工智能实训平台</title>
      <link>https://offical-portal.chinacloudsites.cn/en/product/product-1/</link>
      <pubDate>Sat, 06 Jul 2019 15:27:17 +0600</pubDate>
      
      <guid>https://offical-portal.chinacloudsites.cn/en/product/product-1/</guid>
      <description>关于产品： 人工智能实训平台，以微软亚洲研究院研发的OpenPAI（Open Platform for AI）作为关键技术引擎，为快速发展中的人工智能技术培训提供快速部署，一键创建教学环境，并支持定制教学内容的人工智能学习实验环境。
该平台目前提供业界最流行的Jupyter Notebook/Vscode等应用软件，为老师和学员营造非常友好的交互性教学平台。
平台支持目前几乎所有的深度学习框架如CNTK、TensorFlow、PyTorch等。平台还提供定制服务，培训机构可以在线提交自己的教学环境需求，快速生成云教学环境。
产品功能：  为人工智能的教学和实操提供最灵活方便的环境 培训机构进行学员管理，老师管理，课程管理和班级管理的系统软件 培训机构可以部分实现客户的CRM，并灵活的安排课程和班级调配 对于每位学员使用的计算资源也能够实现精确统计  </description>
    </item>
    
    <item>
      <title>Defect Detect</title>
      <link>https://offical-portal.chinacloudsites.cn/en/solution/defect-detect/</link>
      <pubDate>Mon, 01 Jan 0001 00:00:00 +0000</pubDate>
      
      <guid>https://offical-portal.chinacloudsites.cn/en/solution/defect-detect/</guid>
      <description>端到端的深度学习缺陷检测模型</description>
    </item>
    
    <item>
      <title>Digital Meter</title>
      <link>https://offical-portal.chinacloudsites.cn/en/solution/smart-meter/</link>
      <pubDate>Mon, 01 Jan 0001 00:00:00 +0000</pubDate>
      
      <guid>https://offical-portal.chinacloudsites.cn/en/solution/smart-meter/</guid>
      <description>算法流程</description>
    </item>
    
    <item>
      <title>Smart Minitoring</title>
      <link>https://offical-portal.chinacloudsites.cn/en/solution/helmet-detect/</link>
      <pubDate>Mon, 01 Jan 0001 00:00:00 +0000</pubDate>
      
      <guid>https://offical-portal.chinacloudsites.cn/en/solution/helmet-detect/</guid>
      <description> 对重点区域进行实时监控, 录制或抓拍相应的视频, 并存储到数据仓库中, 可由人工实时监管 支持对数据仓库的检索和访问, 观察不同时间戳上的施工安全情况 实时监控与内嵌深度学习算法相结合, 为不安全行为检测进行赋能, 使整个工地园区高效智能安全化  </description>
    </item>
    
    <item>
      <title>员工风采</title>
      <link>https://offical-portal.chinacloudsites.cn/en/about/staff/</link>
      <pubDate>Mon, 01 Jan 0001 00:00:00 +0000</pubDate>
      
      <guid>https://offical-portal.chinacloudsites.cn/en/about/staff/</guid>
      <description>上海仪电人工智能创新院 上海仪电人工智能创新院有限公司（微软-仪电人工智能创新院）是上海仪电集团旗下的子公司、上海政产学研合作执行大型人工智能落地项目的工作空间和开发平台。
创新院致力于引进和扶持人工智能领域的高精尖人才，制定多层次人才培养计划加强人工智能人才梯队建立；不断创新研发人工智能的关键技术，加速人工智能研发落地，将更多先进的人工智能科研成果转化到实际应用中，为中国企业提供基于微软技术的人工智能研发平台服务和培训服务，帮助企业和政府决策者推进数字化转型战略落地和人工智能产业发展，助力上海建设国家人工智能发展高地和具有全球影响力的科技创新中心。</description>
    </item>
    
  </channel>
</rss>
