<?xml version="1.0" encoding="utf-8" standalone="yes"?>
<rss version="2.0" xmlns:atom="http://www.w3.org/2005/Atom">
  <channel>
    <title>Solutions on 上海仪电人工智能创新院</title>
    <link>https://offical-portal.chinacloudsites.cn/solution/</link>
    <description>Recent content in Solutions on 上海仪电人工智能创新院</description>
    <generator>Hugo -- gohugo.io</generator>
    <language>zh-cn</language>
    <copyright> Copyright © 2020-2023 Shaiic. All Rights Reserved.</copyright><atom:link href="https://offical-portal.chinacloudsites.cn/solution/index.xml" rel="self" type="application/rss+xml" />
    <item>
      <title>AI&#43;制造</title>
      <link>https://offical-portal.chinacloudsites.cn/solution/smart-meter/</link>
      <pubDate>Mon, 01 Jan 0001 00:00:00 +0000</pubDate>
      
      <guid>https://offical-portal.chinacloudsites.cn/solution/smart-meter/</guid>
      <description>算法流程</description>
    </item>
    
    <item>
      <title>AI&#43;校园</title>
      <link>https://offical-portal.chinacloudsites.cn/solution/s2/</link>
      <pubDate>Mon, 01 Jan 0001 00:00:00 +0000</pubDate>
      
      <guid>https://offical-portal.chinacloudsites.cn/solution/s2/</guid>
      <description>算法流程</description>
    </item>
    
    <item>
      <title>AI&#43;物流</title>
      <link>https://offical-portal.chinacloudsites.cn/solution/s1/</link>
      <pubDate>Mon, 01 Jan 0001 00:00:00 +0000</pubDate>
      
      <guid>https://offical-portal.chinacloudsites.cn/solution/s1/</guid>
      <description> 对重点区域进行实时监控, 录制或抓拍相应的视频, 并存储到数据仓库中, 可由人工实时监管 支持对数据仓库的检索和访问, 观察不同时间戳上的施工安全情况 实时监控与内嵌深度学习算法相结合, 为不安全行为检测进行赋能, 使整个工地园区高效智能安全化  </description>
    </item>
    
    <item>
      <title>AI&#43;金融</title>
      <link>https://offical-portal.chinacloudsites.cn/solution/defect-detect/</link>
      <pubDate>Mon, 01 Jan 0001 00:00:00 +0000</pubDate>
      
      <guid>https://offical-portal.chinacloudsites.cn/solution/defect-detect/</guid>
      <description>端到端的深度学习缺陷检测模型</description>
    </item>
    
  </channel>
</rss>
