<?xml version="1.0" encoding="utf-8" standalone="yes"?>
<rss version="2.0" xmlns:atom="http://www.w3.org/2005/Atom">
  <channel>
    <title>科技成果 on 上海仪电人工智能创新院</title>
    <link>https://offical-portal.chinacloudsites.cn/categories/%E7%A7%91%E6%8A%80%E6%88%90%E6%9E%9C/</link>
    <description>Recent content in 科技成果 on 上海仪电人工智能创新院</description>
    <generator>Hugo -- gohugo.io</generator>
    <language>zh-cn</language>
    <copyright> Copyright © 2020-2023 Shaiic. All Rights Reserved.</copyright>
    <lastBuildDate>Sat, 30 Jan 2021 15:27:17 +0600</lastBuildDate><atom:link href="https://offical-portal.chinacloudsites.cn/categories/%E7%A7%91%E6%8A%80%E6%88%90%E6%9E%9C/index.xml" rel="self" type="application/rss+xml" />
    <item>
      <title>创新智汇 共汇浦江 | 第四期AIM人工智能经理班正式结业</title>
      <link>https://offical-portal.chinacloudsites.cn/blog/blog-post-1614326101625/</link>
      <pubDate>Sat, 30 Jan 2021 15:27:17 +0600</pubDate>
      
      <guid>https://offical-portal.chinacloudsites.cn/blog/blog-post-1614326101625/</guid>
      <description>1月30日，创新院举办的第四期AIM人工智能经理班正式结业。微软亚洲研究院副院长潘天佑博士、上海仪电副总裁、创新院董事长李鑫先生、微软亚太研发集团创新孵化总监程骉博士、微软亚洲研究院战略合作总监刘康平博士和创新院总经理朱琳女士为学员们颁发了奖牌及结业证书。
课程回顾 本期AIM课程于2020年12月5日正式开班，学员来自华夏基金、中国电信、国泰君安、浦发银行等大型头部企业，因受疫情影响，5周的学期时长历经了两个月，授课过程中，来自微软和仪电的专家们分享了人工智能领域的方法论和技术总结，并利用创新院自主研发的人工智能实训平台搭建课程环境，让学员可以自主开展动手实验，确保学员在掌握人工智能理论的基础上同时具备参与项目落地的能力。
AIM Hackathon 结业仪式当天进行了AIM Hackathon路演，学员们结合所学知识与项目实践经验打造了商业计划书，并进行了分享汇报，微软亚洲研究院副院长潘天佑博士、上海仪电副总裁、创新院董事长李鑫先生、微软亚太研发集团创新孵化总监程骉博士以及AI领域投资人针对学员的项目案例做了精彩的点评，并为获得奖项的学员们分别颁发了最具商业价值奖、最佳创新奖、最佳人气奖和最佳团队奖。
LIST OF WINNERS 最具商业价值奖《娱乐传媒新兴概念-AI明星运营》 最佳创新奖《E-Map安全导航，可靠陪伴》 最佳人气奖《娱乐传媒新兴概念-AI明星运营》 最佳团队奖 第三组（华夏基金 王银春、国泰君安 樊佳浩、中国电信 黄煜骁、中国电信 白燕南、TCL 韦泽垠）</description>
    </item>
    
    <item>
      <title>共建蓝图|创新院牵头仪电集团“十四五”人工智能专题技术规划编制</title>
      <link>https://offical-portal.chinacloudsites.cn/blog/blog-post-1597905349154/</link>
      <pubDate>Wed, 22 Jul 2020 15:27:17 +0600</pubDate>
      
      <guid>https://offical-portal.chinacloudsites.cn/blog/blog-post-1597905349154/</guid>
      <description>2020年7月21日，仪电集团“十四五”人工智能专题技术规划编制启动会暨第一次专题工作会议正式召开。仪电集团科技创新部总经理欧阳葵，上海仪电人工智能创新院副总经理、人工智能专题技术规划工作组组长牛红星，以及人工智能专题技术规划工作组成员单位—仪电创新院、中央研究院、信息科技、仪电鑫森、仪电数字、智能科技的同事们出席了本次会议。会议由人工智能专题技术规划工作组组长牛红星主持。
 仪电集团《“十四五”科技发展规划（2021-2025）》是仪电集团未来5年科技发展工作的重要纲领及整体指导性文件，是上海仪电集团迈进创新型企业集团行列的科技行动指南。
其中有七大技术专题（云计算、物联网、大数据、人工智能、信息安全、智能制造及工业互联网、智能硬件），创新院在人工智能专题技术规划工作组中担任组长单位，牵头《“十四五”人工智能专题技术（应用发展）规划》的编制工作。此次人工智能专题技术规划的编制旨在摸清各单位人工智能技术现状，贴合仪电企业发展的实际需求，思考并明确未来五年技术发展目标，梳理“卡脖子”技术和重点任务，确定实现路径、技术路线与过程里程碑，为未来发展奠定坚实基础。
仪电集团科技创新部欧阳总在会上强调了此次人工智能专题技术规划的编制背景和重要意义。欧阳总指出，近年来仪电集团科技的整体实力和水平虽然已经取得了长足发展，在集团转型发展中，急需进一步提升产品技术性能和质量水平，加强企业自主创新能力。如何确立未来仪电科技创新的战略定位、实现路径与技术路径是做好本次规划编制的重要命题。人工智能专题技术在此次科技发展规划的编制中占据重要的份额，“摸清家底”有助于集中集团内外产学研多方优势力量，对集团发展各主要领域的核心关键科技问题进行协同攻关。
推进工作计划 来自仪电创新院、中央研究院、信息科技、仪电鑫森、仪电数字、智能科技的同事也在会上分别分享了各自在人工智能科技发展方面的整体目标、核心技术和重点项目。
最后，创新院副总经理牛红星进行了会议总结，并进一步明确了人工智能专题技术规划工作组的具体工作目标、分工和推进计划。牛总指出，各组员单位需充分利用这一机会，一方面在于通过系统梳理自身在人工智能领域的科技发展总体目标、重点领域和课题，对自身在人工智能领域的技术现状有更清晰的认识；另一方面，对于上述重点领域、项目、工程或者课题的资源需求与痛点问题也可以借此机会集中讨论，各单位优势互补，助力仪电集团在未来五年内达成“十四五”科技发展规划建设目标。
排版：Patra</description>
    </item>
    
    <item>
      <title>人工智能实训平台预览版1.0成功发布</title>
      <link>https://offical-portal.chinacloudsites.cn/blog/blog-post-1598431618835/</link>
      <pubDate>Thu, 28 May 2020 15:27:17 +0600</pubDate>
      
      <guid>https://offical-portal.chinacloudsites.cn/blog/blog-post-1598431618835/</guid>
      <description>2021年5月26日，上海仪电人工智能创新院和中央研究院成功举办了人工智能实训平台1.0预览版发布会，为人工智能的教学和实操提供了崭新的视野。
 在创新院成立一周年之际，人工智能实训平台1.0预览版发布会在仪电园区举行。
跟紧现在“云生态”的潮流，发布会以线上线下两种方式同时进行直播，全程在线，互动不断。
开发历程 在这场“优化线上人工智能学习体验”的发布会中，创新院副总经理牛红星亲临现场欢迎各位嘉宾的到来，并给大家介绍了整个项目开发的历程。他提到了本次项目所遇到的困难和瓶颈，特别强调了在疫情严峻的情况下，研发人员仍坚守在家努力不懈按时完成目标的奋斗精神。
排版：Gwen
校核：Tina, Rain</description>
    </item>
    
  </channel>
</rss>
