<?xml version="1.0" encoding="utf-8" standalone="yes"?>
<rss version="2.0" xmlns:atom="http://www.w3.org/2005/Atom">
  <channel>
    <title>复合型 on 上海仪电人工智能创新院</title>
    <link>https://offical-portal.chinacloudsites.cn/tags/%E5%A4%8D%E5%90%88%E5%9E%8B/</link>
    <description>Recent content in 复合型 on 上海仪电人工智能创新院</description>
    <generator>Hugo -- gohugo.io</generator>
    <language>zh-cn</language>
    <copyright> Copyright © 2020-2023 Shaiic. All Rights Reserved.</copyright>
    <lastBuildDate>Sat, 30 Jan 2021 15:27:17 +0600</lastBuildDate><atom:link href="https://offical-portal.chinacloudsites.cn/tags/%E5%A4%8D%E5%90%88%E5%9E%8B/index.xml" rel="self" type="application/rss+xml" />
    <item>
      <title>创新智汇 共汇浦江 | 第四期AIM人工智能经理班正式结业</title>
      <link>https://offical-portal.chinacloudsites.cn/blog/blog-post-1614326101625/</link>
      <pubDate>Sat, 30 Jan 2021 15:27:17 +0600</pubDate>
      
      <guid>https://offical-portal.chinacloudsites.cn/blog/blog-post-1614326101625/</guid>
      <description>1月30日，创新院举办的第四期AIM人工智能经理班正式结业。微软亚洲研究院副院长潘天佑博士、上海仪电副总裁、创新院董事长李鑫先生、微软亚太研发集团创新孵化总监程骉博士、微软亚洲研究院战略合作总监刘康平博士和创新院总经理朱琳女士为学员们颁发了奖牌及结业证书。
课程回顾 本期AIM课程于2020年12月5日正式开班，学员来自华夏基金、中国电信、国泰君安、浦发银行等大型头部企业，因受疫情影响，5周的学期时长历经了两个月，授课过程中，来自微软和仪电的专家们分享了人工智能领域的方法论和技术总结，并利用创新院自主研发的人工智能实训平台搭建课程环境，让学员可以自主开展动手实验，确保学员在掌握人工智能理论的基础上同时具备参与项目落地的能力。
AIM Hackathon 结业仪式当天进行了AIM Hackathon路演，学员们结合所学知识与项目实践经验打造了商业计划书，并进行了分享汇报，微软亚洲研究院副院长潘天佑博士、上海仪电副总裁、创新院董事长李鑫先生、微软亚太研发集团创新孵化总监程骉博士以及AI领域投资人针对学员的项目案例做了精彩的点评，并为获得奖项的学员们分别颁发了最具商业价值奖、最佳创新奖、最佳人气奖和最佳团队奖。
LIST OF WINNERS 最具商业价值奖《娱乐传媒新兴概念-AI明星运营》 最佳创新奖《E-Map安全导航，可靠陪伴》 最佳人气奖《娱乐传媒新兴概念-AI明星运营》 最佳团队奖 第三组（华夏基金 王银春、国泰君安 樊佳浩、中国电信 黄煜骁、中国电信 白燕南、TCL 韦泽垠）</description>
    </item>
    
  </channel>
</rss>
