<?xml version="1.0" encoding="utf-8" standalone="yes"?>
<rss version="2.0" xmlns:atom="http://www.w3.org/2005/Atom">
  <channel>
    <title>News Center on 上海仪电人工智能创新院</title>
    <link>https://offical-portal.chinacloudsites.cn/en/blog/</link>
    <description>Recent content in News Center on 上海仪电人工智能创新院</description>
    <generator>Hugo -- gohugo.io</generator>
    <language>en-us</language>
    <copyright> Copyright © 2020-2023 Shaiic. All Rights Reserved.</copyright>
    <lastBuildDate>Thu, 02 Jul 2020 15:13:34 +0800</lastBuildDate><atom:link href="https://offical-portal.chinacloudsites.cn/en/blog/index.xml" rel="self" type="application/rss+xml" />
    <item>
      <title>AI CAMP|联手行业巨头独家推出人工智能头部课程</title>
      <link>https://offical-portal.chinacloudsites.cn/en/blog/blog-post-3/</link>
      <pubDate>Thu, 02 Jul 2020 15:13:34 +0800</pubDate>
      
      <guid>https://offical-portal.chinacloudsites.cn/en/blog/blog-post-3/</guid>
      <description> 2020年8月7日、8日、14日、15日在西岸AI TOWER 43楼豪华江景培训大厅现场聆听微软大咖讲授AI落地方法论，零距离接触AI尖端科技，成为炙手可热的AI复合型人才。
  </description>
    </item>
    
    <item>
      <title>人工智能实训平台预览版1.0成功发布</title>
      <link>https://offical-portal.chinacloudsites.cn/en/blog/blog-post-1/</link>
      <pubDate>Thu, 28 May 2020 15:27:17 +0600</pubDate>
      
      <guid>https://offical-portal.chinacloudsites.cn/en/blog/blog-post-1/</guid>
      <description>2020年5月26日，上海仪电人工智能创新院和中央研究院成功举办了人工智能实训平台1.0预览版发布会，为人工智能的教学和实操提供了崭新的视野。
 在创新院成立一周年之际，人工智能实训平台1.0预览版发布会在仪电园区举行。
跟紧现在“云生态”的潮流，发布会以线上线下两种方式同时进行直播，全程在线，互动不断。
现场嘉宾满座，聚集了行业内专业人士的积极参与，众多嘉宾到场祝贺，有来自合作伙伴微软亚洲研究院、仪电中央研究院的同事们，来自集团科创部、培训中心的同事们，以及来自兄弟单位南洋万邦、云赛空间的朋友们，大家共同见证人工智能实训平台1.0的重磅首发。
开发历程 在这场“优化线上人工智能学习体验”的发布会中，创新院副总经理牛红星亲临现场欢迎各位嘉宾的到来，并给大家介绍了整个项目开发的历程。他提到了本次项目所遇到的困难和瓶颈，特别强调了在疫情严峻的情况下，研发人员仍坚守在家努力不懈按时完成目标的奋斗精神。
项目背景｜特点｜架构 发布会现场，项目经理李方介绍总结了项目背景，特点和架构，以及展示了项目目前所取得的进展和荣誉。</description>
    </item>
    
    <item>
      <title>一键生成AI学习环境</title>
      <link>https://offical-portal.chinacloudsites.cn/en/blog/blog-post-2/</link>
      <pubDate>Sat, 06 Jul 2019 15:27:17 +0600</pubDate>
      
      <guid>https://offical-portal.chinacloudsites.cn/en/blog/blog-post-2/</guid>
      <description>近半年的线上学习和工作模式让我们都彻底体验了一把“云生态”，提高效率的同时，也有许多不尽如人意的系统性问题亟待解决。
 而在IT和人工智能的学习过程中，由于系统的繁复性和巨大的数据存储要求，优化线上学习体验就成为了一个必然性的选择。
如何让授课者随时随地的顺畅教学而无需承载系统平台数据流量的浪费；实时教学的同时，又能让学员在自己的电脑上进行实操体验，而无需下载一个又一个软件。总而言之，在便捷的基础上提升学习效率和记忆，从而保证学习质量，成为了AI授课系统需要攻坚的难题。
小编今天与大家分享的是创新院的新成果——人工智能技术实训平台，恰恰就解决了以上的这些问题。具体的平台信息让我们一起来了解。
 人工智能实训平台1.0预览版正式发布 基于3月推出的人工智能0.2版本，创新院将于2020年5月26日进行线上线下双发布，重磅推出历时一年，由全球顶尖人工智能专家和软件开发团队研发的人工智能实训平台1.0预览版。
 一键创建AI学习环境，一个平台纵览全球最新AI技术，助力上海市打造人工智能科研和人才培训高地！ 人工智能创新院倾情奉献全力支持上海市新基建行动！</description>
    </item>
    
  </channel>
</rss>
