<?xml version="1.0" encoding="utf-8" standalone="yes"?>
<rss version="2.0" xmlns:atom="http://www.w3.org/2005/Atom">
  <channel>
    <title>一键生成 on 上海仪电人工智能创新院</title>
    <link>https://offical-portal.chinacloudsites.cn/tags/%E4%B8%80%E9%94%AE%E7%94%9F%E6%88%90/</link>
    <description>Recent content in 一键生成 on 上海仪电人工智能创新院</description>
    <generator>Hugo -- gohugo.io</generator>
    <language>zh-cn</language>
    <copyright> Copyright © 2020-2023 Shaiic. All Rights Reserved.</copyright>
    <lastBuildDate>Sat, 06 Jul 2019 15:27:17 +0600</lastBuildDate><atom:link href="https://offical-portal.chinacloudsites.cn/tags/%E4%B8%80%E9%94%AE%E7%94%9F%E6%88%90/index.xml" rel="self" type="application/rss+xml" />
    <item>
      <title>一键生成AI学习环境</title>
      <link>https://offical-portal.chinacloudsites.cn/blog/blog-post-2/</link>
      <pubDate>Sat, 06 Jul 2019 15:27:17 +0600</pubDate>
      
      <guid>https://offical-portal.chinacloudsites.cn/blog/blog-post-2/</guid>
      <description>近半年的线上学习和工作模式让我们都彻底体验了一把“云生态”，提高效率的同时，也有许多不尽如人意的系统性问题亟待解决。
 而在IT和人工智能的学习过程中，由于系统的繁复性和巨大的数据存储要求，优化线上学习体验就成为了一个必然性的选择。
如何让授课者随时随地的顺畅教学而无需承载系统平台数据流量的浪费；实时教学的同时，又能让学员在自己的电脑上进行实操体验，而无需下载一个又一个软件。总而言之，在便捷的基础上提升学习效率和记忆，从而保证学习质量，成为了AI授课系统需要攻坚的难题。
小编今天与大家分享的是创新院的新成果——人工智能技术实训平台，恰恰就解决了以上的这些问题。具体的平台信息让我们一起来了解。
 人工智能实训平台1.0预览版正式发布 基于3月推出的人工智能0.2版本，创新院将于2020年5月26日进行线上线下双发布，重磅推出历时一年，由全球顶尖人工智能专家和软件开发团队研发的人工智能实训平台1.0预览版。
 一键创建AI学习环境，一个平台纵览全球最新AI技术，助力上海市打造人工智能科研和人才培训高地！ 人工智能创新院倾情奉献全力支持上海市新基建行动！</description>
    </item>
    
  </channel>
</rss>
