<?xml version="1.0" encoding="utf-8" standalone="yes"?>
<rss version="2.0" xmlns:atom="http://www.w3.org/2005/Atom">
  <channel>
    <title>交流合作 on 上海仪电人工智能创新院</title>
    <link>https://offical-portal.chinacloudsites.cn/categories/%E4%BA%A4%E6%B5%81%E5%90%88%E4%BD%9C/</link>
    <description>Recent content in 交流合作 on 上海仪电人工智能创新院</description>
    <generator>Hugo -- gohugo.io</generator>
    <language>zh-cn</language>
    <copyright> Copyright © 2020-2023 Shaiic. All Rights Reserved.</copyright>
    <lastBuildDate>Mon, 13 Jul 2020 15:27:17 +0600</lastBuildDate><atom:link href="https://offical-portal.chinacloudsites.cn/categories/%E4%BA%A4%E6%B5%81%E5%90%88%E4%BD%9C/index.xml" rel="self" type="application/rss+xml" />
    <item>
      <title>圆满落幕｜创新院鼎力支持2020世界人工智能大会云端峰会</title>
      <link>https://offical-portal.chinacloudsites.cn/blog/blog-post-1597904790503/</link>
      <pubDate>Mon, 13 Jul 2020 15:27:17 +0600</pubDate>
      
      <guid>https://offical-portal.chinacloudsites.cn/blog/blog-post-1597904790503/</guid>
      <description>7月11日，2020世界人工智能大会云端峰会圆满落幕。三天来，共有超过550位重磅嘉宾相聚云端，其中7位图灵奖得主、1位诺贝尔奖得主、62位中外顶级院士，共话最前沿技术生态；“3D虚拟AI家园”内来自13个国家、150多家重量级企业带来的AI奇妙体验，令人回味无穷；新一批上海人工智能重大应用场景需求重磅发布，再度向全球AI企业发出英雄帖；上海人工智能实验室等一大批大项目纷纷签约落“沪”，可谓成果颇丰。
 最后的项目签约和成果发布活动上，市委副书记、代市长龚正，市委常委、副市长吴清，市委常委、浦东新区区委书记翁祖亮，上海交通大学党委书记杨振斌，市政府秘书长陈靖，市政府副秘书长陈鸣波等出席。
上海仪电集团董事长吴建雄受邀出席。该活动由上海市人工智能行业协会具体承办，得到了副秘书长单位微软-仪电人工智能创新院的大力支持。
项目签约 在集中签约环节，8个上海人工智能产业投资基金项目、36个人工智能产业项目分别于现场、分会场和云端签约，签约项目总额超过300亿元。
在揭牌仪式环节，上海仪电集团董事长吴建雄作为上海市人工智能行业协会会长，在龚市长的见证下，与市委常委、浦东新区区委翁书记一同为上海市人工智能行业协会揭牌。
上海市人工智能行业协会作为实体组织，将致力于推进上海市人工智能发展的总体要求，与上海市经信委、民政局等单位合作，优化全市人工智能产业布局和产业生态，保持定力和耐力服务好行业性的技术迭代和产业升级，为上海创新生态不断注入新的活力。
上海仪电（集团）作为上海人工智能生态产业链的重要构建者和参与者，将继续积极配合上海发布的《关于建设人工智能上海高地 构建一流创新生态行动方案》，参与布局人工智能创新载体，加快推动人工智能与实体经济融合发展，助力上海建设国家人工智能发展高地和具有全球影响力的科技创新中心。</description>
    </item>
    
  </channel>
</rss>
