<?xml version="1.0" encoding="utf-8" standalone="yes"?>
<rss version="2.0" xmlns:atom="http://www.w3.org/2005/Atom">
  <channel>
    <title>About us on 上海仪电人工智能创新院</title>
    <link>https://offical-portal.chinacloudsites.cn/en/about/</link>
    <description>Recent content in About us on 上海仪电人工智能创新院</description>
    <generator>Hugo -- gohugo.io</generator>
    <language>en-us</language>
    <copyright> Copyright © 2020-2023 Shaiic. All Rights Reserved.</copyright><atom:link href="https://offical-portal.chinacloudsites.cn/en/about/index.xml" rel="self" type="application/rss+xml" />
    <item>
      <title>员工风采</title>
      <link>https://offical-portal.chinacloudsites.cn/en/about/staff/</link>
      <pubDate>Mon, 01 Jan 0001 00:00:00 +0000</pubDate>
      
      <guid>https://offical-portal.chinacloudsites.cn/en/about/staff/</guid>
      <description>上海仪电人工智能创新院 上海仪电人工智能创新院有限公司（微软-仪电人工智能创新院）是上海仪电集团旗下的子公司、上海政产学研合作执行大型人工智能落地项目的工作空间和开发平台。
创新院致力于引进和扶持人工智能领域的高精尖人才，制定多层次人才培养计划加强人工智能人才梯队建立；不断创新研发人工智能的关键技术，加速人工智能研发落地，将更多先进的人工智能科研成果转化到实际应用中，为中国企业提供基于微软技术的人工智能研发平台服务和培训服务，帮助企业和政府决策者推进数字化转型战略落地和人工智能产业发展，助力上海建设国家人工智能发展高地和具有全球影响力的科技创新中心。</description>
    </item>
    
  </channel>
</rss>
