<?xml version="1.0" encoding="utf-8" standalone="yes"?>
<rss version="2.0" xmlns:atom="http://www.w3.org/2005/Atom">
  <channel>
    <title>Tags on 上海仪电人工智能创新院</title>
    <link>https://offical-portal.chinacloudsites.cn/tags/</link>
    <description>Recent content in Tags on 上海仪电人工智能创新院</description>
    <generator>Hugo -- gohugo.io</generator>
    <language>zh-cn</language>
    <copyright> Copyright © 2020-2023 Shaiic. All Rights Reserved.</copyright>
    <lastBuildDate>Sat, 30 Jan 2021 15:27:17 +0600</lastBuildDate><atom:link href="https://offical-portal.chinacloudsites.cn/tags/index.xml" rel="self" type="application/rss+xml" />
    <item>
      <title>人才培养</title>
      <link>https://offical-portal.chinacloudsites.cn/tags/%E4%BA%BA%E6%89%8D%E5%9F%B9%E5%85%BB/</link>
      <pubDate>Sat, 30 Jan 2021 15:27:17 +0600</pubDate>
      
      <guid>https://offical-portal.chinacloudsites.cn/tags/%E4%BA%BA%E6%89%8D%E5%9F%B9%E5%85%BB/</guid>
      <description></description>
    </item>
    
    <item>
      <title>复合型</title>
      <link>https://offical-portal.chinacloudsites.cn/tags/%E5%A4%8D%E5%90%88%E5%9E%8B/</link>
      <pubDate>Sat, 30 Jan 2021 15:27:17 +0600</pubDate>
      
      <guid>https://offical-portal.chinacloudsites.cn/tags/%E5%A4%8D%E5%90%88%E5%9E%8B/</guid>
      <description></description>
    </item>
    
    <item>
      <title>三位一体AI人才培养体系</title>
      <link>https://offical-portal.chinacloudsites.cn/tags/%E4%B8%89%E4%BD%8D%E4%B8%80%E4%BD%93ai%E4%BA%BA%E6%89%8D%E5%9F%B9%E5%85%BB%E4%BD%93%E7%B3%BB/</link>
      <pubDate>Sat, 30 Jan 2021 00:00:00 +0000</pubDate>
      
      <guid>https://offical-portal.chinacloudsites.cn/tags/%E4%B8%89%E4%BD%8D%E4%B8%80%E4%BD%93ai%E4%BA%BA%E6%89%8D%E5%9F%B9%E5%85%BB%E4%BD%93%E7%B3%BB/</guid>
      <description></description>
    </item>
    
    <item>
      <title>浦江智汇校友会</title>
      <link>https://offical-portal.chinacloudsites.cn/tags/%E6%B5%A6%E6%B1%9F%E6%99%BA%E6%B1%87%E6%A0%A1%E5%8F%8B%E4%BC%9A/</link>
      <pubDate>Sat, 30 Jan 2021 00:00:00 +0000</pubDate>
      
      <guid>https://offical-portal.chinacloudsites.cn/tags/%E6%B5%A6%E6%B1%9F%E6%99%BA%E6%B1%87%E6%A0%A1%E5%8F%8B%E4%BC%9A/</guid>
      <description></description>
    </item>
    
    <item>
      <title>数字化转型</title>
      <link>https://offical-portal.chinacloudsites.cn/tags/%E6%95%B0%E5%AD%97%E5%8C%96%E8%BD%AC%E5%9E%8B/</link>
      <pubDate>Wed, 27 Jan 2021 00:00:00 +0000</pubDate>
      
      <guid>https://offical-portal.chinacloudsites.cn/tags/%E6%95%B0%E5%AD%97%E5%8C%96%E8%BD%AC%E5%9E%8B/</guid>
      <description></description>
    </item>
    
    <item>
      <title>智能制造</title>
      <link>https://offical-portal.chinacloudsites.cn/tags/%E6%99%BA%E8%83%BD%E5%88%B6%E9%80%A0/</link>
      <pubDate>Wed, 27 Jan 2021 00:00:00 +0000</pubDate>
      
      <guid>https://offical-portal.chinacloudsites.cn/tags/%E6%99%BA%E8%83%BD%E5%88%B6%E9%80%A0/</guid>
      <description></description>
    </item>
    
    <item>
      <title>AI师资</title>
      <link>https://offical-portal.chinacloudsites.cn/tags/ai%E5%B8%88%E8%B5%84/</link>
      <pubDate>Sun, 16 Aug 2020 15:27:17 +0600</pubDate>
      
      <guid>https://offical-portal.chinacloudsites.cn/tags/ai%E5%B8%88%E8%B5%84/</guid>
      <description></description>
    </item>
    
    <item>
      <title>AI赋能数字化经理班</title>
      <link>https://offical-portal.chinacloudsites.cn/tags/ai%E8%B5%8B%E8%83%BD%E6%95%B0%E5%AD%97%E5%8C%96%E7%BB%8F%E7%90%86%E7%8F%AD/</link>
      <pubDate>Sun, 16 Aug 2020 15:27:17 +0600</pubDate>
      
      <guid>https://offical-portal.chinacloudsites.cn/tags/ai%E8%B5%8B%E8%83%BD%E6%95%B0%E5%AD%97%E5%8C%96%E7%BB%8F%E7%90%86%E7%8F%AD/</guid>
      <description></description>
    </item>
    
    <item>
      <title>科技交流</title>
      <link>https://offical-portal.chinacloudsites.cn/tags/%E7%A7%91%E6%8A%80%E4%BA%A4%E6%B5%81/</link>
      <pubDate>Wed, 22 Jul 2020 15:27:17 +0600</pubDate>
      
      <guid>https://offical-portal.chinacloudsites.cn/tags/%E7%A7%91%E6%8A%80%E4%BA%A4%E6%B5%81/</guid>
      <description></description>
    </item>
    
    <item>
      <title>科技蓝图</title>
      <link>https://offical-portal.chinacloudsites.cn/tags/%E7%A7%91%E6%8A%80%E8%93%9D%E5%9B%BE/</link>
      <pubDate>Wed, 22 Jul 2020 15:27:17 +0600</pubDate>
      
      <guid>https://offical-portal.chinacloudsites.cn/tags/%E7%A7%91%E6%8A%80%E8%93%9D%E5%9B%BE/</guid>
      <description></description>
    </item>
    
    <item>
      <title>WAIC</title>
      <link>https://offical-portal.chinacloudsites.cn/tags/waic/</link>
      <pubDate>Mon, 13 Jul 2020 15:27:17 +0600</pubDate>
      
      <guid>https://offical-portal.chinacloudsites.cn/tags/waic/</guid>
      <description></description>
    </item>
    
    <item>
      <title>AI</title>
      <link>https://offical-portal.chinacloudsites.cn/tags/ai/</link>
      <pubDate>Thu, 02 Jul 2020 15:13:34 +0800</pubDate>
      
      <guid>https://offical-portal.chinacloudsites.cn/tags/ai/</guid>
      <description></description>
    </item>
    
    <item>
      <title>课程</title>
      <link>https://offical-portal.chinacloudsites.cn/tags/%E8%AF%BE%E7%A8%8B/</link>
      <pubDate>Thu, 02 Jul 2020 15:13:34 +0800</pubDate>
      
      <guid>https://offical-portal.chinacloudsites.cn/tags/%E8%AF%BE%E7%A8%8B/</guid>
      <description></description>
    </item>
    
    <item>
      <title>发布会</title>
      <link>https://offical-portal.chinacloudsites.cn/tags/%E5%8F%91%E5%B8%83%E4%BC%9A/</link>
      <pubDate>Thu, 28 May 2020 15:27:17 +0600</pubDate>
      
      <guid>https://offical-portal.chinacloudsites.cn/tags/%E5%8F%91%E5%B8%83%E4%BC%9A/</guid>
      <description></description>
    </item>
    
    <item>
      <title>实训平台</title>
      <link>https://offical-portal.chinacloudsites.cn/tags/%E5%AE%9E%E8%AE%AD%E5%B9%B3%E5%8F%B0/</link>
      <pubDate>Thu, 28 May 2020 15:27:17 +0600</pubDate>
      
      <guid>https://offical-portal.chinacloudsites.cn/tags/%E5%AE%9E%E8%AE%AD%E5%B9%B3%E5%8F%B0/</guid>
      <description></description>
    </item>
    
    <item>
      <title>一键生成</title>
      <link>https://offical-portal.chinacloudsites.cn/tags/%E4%B8%80%E9%94%AE%E7%94%9F%E6%88%90/</link>
      <pubDate>Sat, 06 Jul 2019 15:27:17 +0600</pubDate>
      
      <guid>https://offical-portal.chinacloudsites.cn/tags/%E4%B8%80%E9%94%AE%E7%94%9F%E6%88%90/</guid>
      <description></description>
    </item>
    
  </channel>
</rss>
