<?xml version="1.0" encoding="utf-8" standalone="yes"?>
<rss version="2.0" xmlns:atom="http://www.w3.org/2005/Atom">
  <channel>
    <title>Recruitment on 上海仪电人工智能创新院</title>
    <link>https://offical-portal.chinacloudsites.cn/en/recruitment/</link>
    <description>Recent content in Recruitment on 上海仪电人工智能创新院</description>
    <generator>Hugo -- gohugo.io</generator>
    <language>en-us</language>
    <copyright> Copyright © 2020-2023 Shaiic. All Rights Reserved.</copyright>
    <lastBuildDate>Sun, 25 Apr 2021 09:52:21 +0800</lastBuildDate><atom:link href="https://offical-portal.chinacloudsites.cn/en/recruitment/index.xml" rel="self" type="application/rss+xml" />
  </channel>
</rss>
