<?xml version="1.0" encoding="utf-8" standalone="yes"?>
<rss version="2.0" xmlns:atom="http://www.w3.org/2005/Atom">
  <channel>
    <title>Our Courses on 上海仪电人工智能创新院</title>
    <link>https://offical-portal.chinacloudsites.cn/en/teacher/</link>
    <description>Recent content in Our Courses on 上海仪电人工智能创新院</description>
    <generator>Hugo -- gohugo.io</generator>
    <language>en-us</language>
    <copyright> Copyright © 2020-2023 Shaiic. All Rights Reserved.</copyright>
    <lastBuildDate>Wed, 27 May 2020 15:27:17 +0600</lastBuildDate><atom:link href="https://offical-portal.chinacloudsites.cn/en/teacher/index.xml" rel="self" type="application/rss+xml" />
    <item>
      <title>Jolin</title>
      <link>https://offical-portal.chinacloudsites.cn/en/teacher/leader-1/</link>
      <pubDate>Wed, 27 May 2020 15:27:17 +0600</pubDate>
      
      <guid>https://offical-portal.chinacloudsites.cn/en/teacher/leader-1/</guid>
      <description>À propos de moi Lorem ipsum dolor sit amet, consectetur adipisicing elit, sed do eiusmod tempor incididunt ut labore et dolore magna aliqua.</description>
    </item>
    
    <item>
      <title>Hongxing Niu</title>
      <link>https://offical-portal.chinacloudsites.cn/en/teacher/leader-2/</link>
      <pubDate>Thu, 21 May 2020 15:27:17 +0600</pubDate>
      
      <guid>https://offical-portal.chinacloudsites.cn/en/teacher/leader-2/</guid>
      <description>À propos de moi Lorem ipsum dolor sit amet, consectetur adipisicing elit, sed do eiusmod tempor incididunt ut labore et dolore magna aliqua.</description>
    </item>
    
    <item>
      <title>Rain Xia</title>
      <link>https://offical-portal.chinacloudsites.cn/en/teacher/leader-3/</link>
      <pubDate>Wed, 20 May 2020 15:27:17 +0600</pubDate>
      
      <guid>https://offical-portal.chinacloudsites.cn/en/teacher/leader-3/</guid>
      <description>À propos de moi Lorem ipsum dolor sit amet, consectetur adipisicing elit, sed do eiusmod tempor incididunt ut labore et dolore magna aliqua.</description>
    </item>
    
  </channel>
</rss>
