<?xml version="1.0" encoding="utf-8" standalone="yes"?>
<rss version="2.0" xmlns:atom="http://www.w3.org/2005/Atom">
  <channel>
    <title>Categories on 上海仪电人工智能创新院</title>
    <link>https://offical-portal.chinacloudsites.cn/categories/</link>
    <description>Recent content in Categories on 上海仪电人工智能创新院</description>
    <generator>Hugo -- gohugo.io</generator>
    <language>zh-cn</language>
    <copyright> Copyright © 2020-2023 Shaiic. All Rights Reserved.</copyright>
    <lastBuildDate>Sat, 30 Jan 2021 15:27:17 +0600</lastBuildDate><atom:link href="https://offical-portal.chinacloudsites.cn/categories/index.xml" rel="self" type="application/rss+xml" />
    <item>
      <title>科技成果</title>
      <link>https://offical-portal.chinacloudsites.cn/categories/%E7%A7%91%E6%8A%80%E6%88%90%E6%9E%9C/</link>
      <pubDate>Sat, 30 Jan 2021 15:27:17 +0600</pubDate>
      
      <guid>https://offical-portal.chinacloudsites.cn/categories/%E7%A7%91%E6%8A%80%E6%88%90%E6%9E%9C/</guid>
      <description></description>
    </item>
    
    <item>
      <title>AI人才培养</title>
      <link>https://offical-portal.chinacloudsites.cn/categories/ai%E4%BA%BA%E6%89%8D%E5%9F%B9%E5%85%BB/</link>
      <pubDate>Sat, 30 Jan 2021 00:00:00 +0000</pubDate>
      
      <guid>https://offical-portal.chinacloudsites.cn/categories/ai%E4%BA%BA%E6%89%8D%E5%9F%B9%E5%85%BB/</guid>
      <description></description>
    </item>
    
    <item>
      <title>合作交流</title>
      <link>https://offical-portal.chinacloudsites.cn/categories/%E5%90%88%E4%BD%9C%E4%BA%A4%E6%B5%81/</link>
      <pubDate>Wed, 27 Jan 2021 00:00:00 +0000</pubDate>
      
      <guid>https://offical-portal.chinacloudsites.cn/categories/%E5%90%88%E4%BD%9C%E4%BA%A4%E6%B5%81/</guid>
      <description></description>
    </item>
    
    <item>
      <title>人工智能培训</title>
      <link>https://offical-portal.chinacloudsites.cn/categories/%E4%BA%BA%E5%B7%A5%E6%99%BA%E8%83%BD%E5%9F%B9%E8%AE%AD/</link>
      <pubDate>Sun, 16 Aug 2020 15:27:17 +0600</pubDate>
      
      <guid>https://offical-portal.chinacloudsites.cn/categories/%E4%BA%BA%E5%B7%A5%E6%99%BA%E8%83%BD%E5%9F%B9%E8%AE%AD/</guid>
      <description></description>
    </item>
    
    <item>
      <title>交流合作</title>
      <link>https://offical-portal.chinacloudsites.cn/categories/%E4%BA%A4%E6%B5%81%E5%90%88%E4%BD%9C/</link>
      <pubDate>Mon, 13 Jul 2020 15:27:17 +0600</pubDate>
      
      <guid>https://offical-portal.chinacloudsites.cn/categories/%E4%BA%A4%E6%B5%81%E5%90%88%E4%BD%9C/</guid>
      <description></description>
    </item>
    
    <item>
      <title>创新成果</title>
      <link>https://offical-portal.chinacloudsites.cn/categories/%E5%88%9B%E6%96%B0%E6%88%90%E6%9E%9C/</link>
      <pubDate>Thu, 02 Jul 2020 15:13:34 +0800</pubDate>
      
      <guid>https://offical-portal.chinacloudsites.cn/categories/%E5%88%9B%E6%96%B0%E6%88%90%E6%9E%9C/</guid>
      <description></description>
    </item>
    
  </channel>
</rss>
