<?xml version="1.0" encoding="utf-8" standalone="yes"?>
<rss version="2.0" xmlns:atom="http://www.w3.org/2005/Atom">
  <channel>
    <title>Categories on 上海仪电人工智能创新院</title>
    <link>https://offical-portal.chinacloudsites.cn/en/categories/</link>
    <description>Recent content in Categories on 上海仪电人工智能创新院</description>
    <generator>Hugo -- gohugo.io</generator>
    <language>en-us</language>
    <copyright> Copyright © 2020-2023 Shaiic. All Rights Reserved.</copyright>
    <lastBuildDate>Thu, 02 Jul 2020 15:13:34 +0800</lastBuildDate><atom:link href="https://offical-portal.chinacloudsites.cn/en/categories/index.xml" rel="self" type="application/rss+xml" />
    <item>
      <title>创新成果</title>
      <link>https://offical-portal.chinacloudsites.cn/en/categories/%E5%88%9B%E6%96%B0%E6%88%90%E6%9E%9C/</link>
      <pubDate>Thu, 02 Jul 2020 15:13:34 +0800</pubDate>
      
      <guid>https://offical-portal.chinacloudsites.cn/en/categories/%E5%88%9B%E6%96%B0%E6%88%90%E6%9E%9C/</guid>
      <description></description>
    </item>
    
    <item>
      <title>科技成果</title>
      <link>https://offical-portal.chinacloudsites.cn/en/categories/%E7%A7%91%E6%8A%80%E6%88%90%E6%9E%9C/</link>
      <pubDate>Thu, 28 May 2020 15:27:17 +0600</pubDate>
      
      <guid>https://offical-portal.chinacloudsites.cn/en/categories/%E7%A7%91%E6%8A%80%E6%88%90%E6%9E%9C/</guid>
      <description></description>
    </item>
    
  </channel>
</rss>
