<?xml version="1.0" encoding="utf-8" standalone="yes"?>
<rss version="2.0" xmlns:atom="http://www.w3.org/2005/Atom">
  <channel>
    <title>党群工作 on 上海仪电人工智能创新院</title>
    <link>https://offical-portal.chinacloudsites.cn/party_affair/</link>
    <description>Recent content in 党群工作 on 上海仪电人工智能创新院</description>
    <generator>Hugo -- gohugo.io</generator>
    <language>zh-cn</language>
    <copyright> Copyright © 2020-2023 Shaiic. All Rights Reserved.</copyright>
    <lastBuildDate>Wed, 28 Apr 2021 14:41:42 +0800</lastBuildDate><atom:link href="https://offical-portal.chinacloudsites.cn/party_affair/index.xml" rel="self" type="application/rss+xml" />
    <item>
      <title>上海仪电召开2021年全面从严治党工作会议</title>
      <link>https://offical-portal.chinacloudsites.cn/party_affair/pa1/</link>
      <pubDate>Mon, 13 Jul 2020 15:27:17 +0600</pubDate>
      
      <guid>https://offical-portal.chinacloudsites.cn/party_affair/pa1/</guid>
      <description>上海仪电人工智能创新院 上海仪电人工智能创新院有限公司（微软-仪电人工智能创新院）是上海仪电集团旗下的子公司、上海政产学研合作执行大型人工智能落地项目的工作空间和开发平台。
创新院致力于引进和扶持人工智能领域的高精尖人才，制定多层次人才培养计划加强人工智能人才梯队建立；不断创新研发人工智能的关键技术，加速人工智能研发落地，将更多先进的人工智能科研成果转化到实际应用中，为中国企业提供基于微软技术的人工智能研发平台服务和培训服务，帮助企业和政府决策者推进数字化转型战略落地和人工智能产业发展，助力上海建设国家人工智能发展高地和具有全球影响力的科技创新中心。
2020年9月24日微软亚洲研究院第三届创新论坛上，微软全球资深副总裁、微软亚太研发集团主席、微软亚洲研究院院长兼微软-仪电人工智能创新院院长洪小文博士向微软亚洲研究院创新汇会员正式发布“人工智能经理” AIM课程。
服务的客户——面向行业龙头企业的AI战略落地和数字化转型需求
“人工智能经理”AIM(AI Manager)课程由微软亚洲研究院和微软-仪电人工智能创新院联手精心打造，通过为期一个月的学期制课堂授课、动手实践和商业案例，旨在培养通晓管理、技术和业务，能够领悟高层战略，沟通业务需求和带领技术团队实施交付AI项目的“C位”复合型人才。</description>
    </item>
    
    <item>
      <title>五一工会礼品</title>
      <link>https://offical-portal.chinacloudsites.cn/party_affair/lu1-%E5%89%AF%E6%9C%AC-2/</link>
      <pubDate>Mon, 13 Jul 2020 15:27:17 +0600</pubDate>
      
      <guid>https://offical-portal.chinacloudsites.cn/party_affair/lu1-%E5%89%AF%E6%9C%AC-2/</guid>
      <description>上海仪电人工智能创新院 上海仪电人工智能创新院有限公司（微软-仪电人工智能创新院）是上海仪电集团旗下的子公司、上海政产学研合作执行大型人工智能落地项目的工作空间和开发平台。
创新院致力于引进和扶持人工智能领域的高精尖人才，制定多层次人才培养计划加强人工智能人才梯队建立；不断创新研发人工智能的关键技术，加速人工智能研发落地，将更多先进的人工智能科研成果转化到实际应用中，为中国企业提供基于微软技术的人工智能研发平台服务和培训服务，帮助企业和政府决策者推进数字化转型战略落地和人工智能产业发展，助力上海建设国家人工智能发展高地和具有全球影响力的科技创新中心。
2020年9月24日微软亚洲研究院第三届创新论坛上，微软全球资深副总裁、微软亚太研发集团主席、微软亚洲研究院院长兼微软-仪电人工智能创新院院长洪小文博士向微软亚洲研究院创新汇会员正式发布“人工智能经理” AIM课程。
服务的客户——面向行业龙头企业的AI战略落地和数字化转型需求
“人工智能经理”AIM(AI Manager)课程由微软亚洲研究院和微软-仪电人工智能创新院联手精心打造，通过为期一个月的学期制课堂授课、动手实践和商业案例，旨在培养通晓管理、技术和业务，能够领悟高层战略，沟通业务需求和带领技术团队实施交付AI项目的“C位”复合型人才。</description>
    </item>
    
    <item>
      <title>参观ABC</title>
      <link>https://offical-portal.chinacloudsites.cn/party_affair/pa1-%E5%89%AF%E6%9C%AC-3/</link>
      <pubDate>Mon, 13 Jul 2020 15:27:17 +0600</pubDate>
      
      <guid>https://offical-portal.chinacloudsites.cn/party_affair/pa1-%E5%89%AF%E6%9C%AC-3/</guid>
      <description>上海仪电人工智能创新院 上海仪电人工智能创新院有限公司（微软-仪电人工智能创新院）是上海仪电集团旗下的子公司、上海政产学研合作执行大型人工智能落地项目的工作空间和开发平台。
创新院致力于引进和扶持人工智能领域的高精尖人才，制定多层次人才培养计划加强人工智能人才梯队建立；不断创新研发人工智能的关键技术，加速人工智能研发落地，将更多先进的人工智能科研成果转化到实际应用中，为中国企业提供基于微软技术的人工智能研发平台服务和培训服务，帮助企业和政府决策者推进数字化转型战略落地和人工智能产业发展，助力上海建设国家人工智能发展高地和具有全球影响力的科技创新中心。
2020年9月24日微软亚洲研究院第三届创新论坛上，微软全球资深副总裁、微软亚太研发集团主席、微软亚洲研究院院长兼微软-仪电人工智能创新院院长洪小文博士向微软亚洲研究院创新汇会员正式发布“人工智能经理” AIM课程。
服务的客户——面向行业龙头企业的AI战略落地和数字化转型需求
“人工智能经理”AIM(AI Manager)课程由微软亚洲研究院和微软-仪电人工智能创新院联手精心打造，通过为期一个月的学期制课堂授课、动手实践和商业案例，旨在培养通晓管理、技术和业务，能够领悟高层战略，沟通业务需求和带领技术团队实施交付AI项目的“C位”复合型人才。</description>
    </item>
    
    <item>
      <title>学四史</title>
      <link>https://offical-portal.chinacloudsites.cn/party_affair/pa1-%E5%89%AF%E6%9C%AC/</link>
      <pubDate>Mon, 13 Jul 2020 15:27:17 +0600</pubDate>
      
      <guid>https://offical-portal.chinacloudsites.cn/party_affair/pa1-%E5%89%AF%E6%9C%AC/</guid>
      <description>上海仪电人工智能创新院 上海仪电人工智能创新院有限公司（微软-仪电人工智能创新院）是上海仪电集团旗下的子公司、上海政产学研合作执行大型人工智能落地项目的工作空间和开发平台。
创新院致力于引进和扶持人工智能领域的高精尖人才，制定多层次人才培养计划加强人工智能人才梯队建立；不断创新研发人工智能的关键技术，加速人工智能研发落地，将更多先进的人工智能科研成果转化到实际应用中，为中国企业提供基于微软技术的人工智能研发平台服务和培训服务，帮助企业和政府决策者推进数字化转型战略落地和人工智能产业发展，助力上海建设国家人工智能发展高地和具有全球影响力的科技创新中心。
2020年9月24日微软亚洲研究院第三届创新论坛上，微软全球资深副总裁、微软亚太研发集团主席、微软亚洲研究院院长兼微软-仪电人工智能创新院院长洪小文博士向微软亚洲研究院创新汇会员正式发布“人工智能经理” AIM课程。
服务的客户——面向行业龙头企业的AI战略落地和数字化转型需求
“人工智能经理”AIM(AI Manager)课程由微软亚洲研究院和微软-仪电人工智能创新院联手精心打造，通过为期一个月的学期制课堂授课、动手实践和商业案例，旨在培养通晓管理、技术和业务，能够领悟高层战略，沟通业务需求和带领技术团队实施交付AI项目的“C位”复合型人才。</description>
    </item>
    
    <item>
      <title>工会支部会议</title>
      <link>https://offical-portal.chinacloudsites.cn/party_affair/lu1-%E5%89%AF%E6%9C%AC/</link>
      <pubDate>Mon, 13 Jul 2020 15:27:17 +0600</pubDate>
      
      <guid>https://offical-portal.chinacloudsites.cn/party_affair/lu1-%E5%89%AF%E6%9C%AC/</guid>
      <description>上海仪电人工智能创新院 上海仪电人工智能创新院有限公司（微软-仪电人工智能创新院）是上海仪电集团旗下的子公司、上海政产学研合作执行大型人工智能落地项目的工作空间和开发平台。
创新院致力于引进和扶持人工智能领域的高精尖人才，制定多层次人才培养计划加强人工智能人才梯队建立；不断创新研发人工智能的关键技术，加速人工智能研发落地，将更多先进的人工智能科研成果转化到实际应用中，为中国企业提供基于微软技术的人工智能研发平台服务和培训服务，帮助企业和政府决策者推进数字化转型战略落地和人工智能产业发展，助力上海建设国家人工智能发展高地和具有全球影响力的科技创新中心。
2020年9月24日微软亚洲研究院第三届创新论坛上，微软全球资深副总裁、微软亚太研发集团主席、微软亚洲研究院院长兼微软-仪电人工智能创新院院长洪小文博士向微软亚洲研究院创新汇会员正式发布“人工智能经理” AIM课程。
服务的客户——面向行业龙头企业的AI战略落地和数字化转型需求
“人工智能经理”AIM(AI Manager)课程由微软亚洲研究院和微软-仪电人工智能创新院联手精心打造，通过为期一个月的学期制课堂授课、动手实践和商业案例，旨在培养通晓管理、技术和业务，能够领悟高层战略，沟通业务需求和带领技术团队实施交付AI项目的“C位”复合型人才。</description>
    </item>
    
    <item>
      <title>第一次XX大会</title>
      <link>https://offical-portal.chinacloudsites.cn/party_affair/pa1-%E5%89%AF%E6%9C%AC-2/</link>
      <pubDate>Mon, 13 Jul 2020 15:27:17 +0600</pubDate>
      
      <guid>https://offical-portal.chinacloudsites.cn/party_affair/pa1-%E5%89%AF%E6%9C%AC-2/</guid>
      <description>上海仪电人工智能创新院 上海仪电人工智能创新院有限公司（微软-仪电人工智能创新院）是上海仪电集团旗下的子公司、上海政产学研合作执行大型人工智能落地项目的工作空间和开发平台。
创新院致力于引进和扶持人工智能领域的高精尖人才，制定多层次人才培养计划加强人工智能人才梯队建立；不断创新研发人工智能的关键技术，加速人工智能研发落地，将更多先进的人工智能科研成果转化到实际应用中，为中国企业提供基于微软技术的人工智能研发平台服务和培训服务，帮助企业和政府决策者推进数字化转型战略落地和人工智能产业发展，助力上海建设国家人工智能发展高地和具有全球影响力的科技创新中心。
2020年9月24日微软亚洲研究院第三届创新论坛上，微软全球资深副总裁、微软亚太研发集团主席、微软亚洲研究院院长兼微软-仪电人工智能创新院院长洪小文博士向微软亚洲研究院创新汇会员正式发布“人工智能经理” AIM课程。
服务的客户——面向行业龙头企业的AI战略落地和数字化转型需求
“人工智能经理”AIM(AI Manager)课程由微软亚洲研究院和微软-仪电人工智能创新院联手精心打造，通过为期一个月的学期制课堂授课、动手实践和商业案例，旨在培养通晓管理、技术和业务，能够领悟高层战略，沟通业务需求和带领技术团队实施交付AI项目的“C位”复合型人才。</description>
    </item>
    
    <item>
      <title>第一次工会大会</title>
      <link>https://offical-portal.chinacloudsites.cn/party_affair/lu1/</link>
      <pubDate>Mon, 13 Jul 2020 15:27:17 +0600</pubDate>
      
      <guid>https://offical-portal.chinacloudsites.cn/party_affair/lu1/</guid>
      <description>上海仪电人工智能创新院 上海仪电人工智能创新院有限公司（微软-仪电人工智能创新院）是上海仪电集团旗下的子公司、上海政产学研合作执行大型人工智能落地项目的工作空间和开发平台。
创新院致力于引进和扶持人工智能领域的高精尖人才，制定多层次人才培养计划加强人工智能人才梯队建立；不断创新研发人工智能的关键技术，加速人工智能研发落地，将更多先进的人工智能科研成果转化到实际应用中，为中国企业提供基于微软技术的人工智能研发平台服务和培训服务，帮助企业和政府决策者推进数字化转型战略落地和人工智能产业发展，助力上海建设国家人工智能发展高地和具有全球影响力的科技创新中心。
2020年9月24日微软亚洲研究院第三届创新论坛上，微软全球资深副总裁、微软亚太研发集团主席、微软亚洲研究院院长兼微软-仪电人工智能创新院院长洪小文博士向微软亚洲研究院创新汇会员正式发布“人工智能经理” AIM课程。
服务的客户——面向行业龙头企业的AI战略落地和数字化转型需求
“人工智能经理”AIM(AI Manager)课程由微软亚洲研究院和微软-仪电人工智能创新院联手精心打造，通过为期一个月的学期制课堂授课、动手实践和商业案例，旨在培养通晓管理、技术和业务，能够领悟高层战略，沟通业务需求和带领技术团队实施交付AI项目的“C位”复合型人才。</description>
    </item>
    
  </channel>
</rss>
