<?xml version="1.0" encoding="utf-8" standalone="yes"?>
<rss version="2.0" xmlns:atom="http://www.w3.org/2005/Atom">
  <channel>
    <title>数字化转型 on 上海仪电人工智能创新院</title>
    <link>https://offical-portal.chinacloudsites.cn/tags/%E6%95%B0%E5%AD%97%E5%8C%96%E8%BD%AC%E5%9E%8B/</link>
    <description>Recent content in 数字化转型 on 上海仪电人工智能创新院</description>
    <generator>Hugo -- gohugo.io</generator>
    <language>zh-cn</language>
    <copyright> Copyright © 2020-2023 Shaiic. All Rights Reserved.</copyright>
    <lastBuildDate>Wed, 27 Jan 2021 00:00:00 +0000</lastBuildDate><atom:link href="https://offical-portal.chinacloudsites.cn/tags/%E6%95%B0%E5%AD%97%E5%8C%96%E8%BD%AC%E5%9E%8B/index.xml" rel="self" type="application/rss+xml" />
    <item>
      <title>参访学习 合作共建 | 创新院总经理朱琳一行拜访上汽集团人工智能实验室</title>
      <link>https://offical-portal.chinacloudsites.cn/blog/blog-post-1612340817679/</link>
      <pubDate>Wed, 27 Jan 2021 00:00:00 +0000</pubDate>
      
      <guid>https://offical-portal.chinacloudsites.cn/blog/blog-post-1612340817679/</guid>
      <description>1月27日上午，创新院总经理朱琳，党支部书记、副总经理夏禹，副总经理牛红星，总经理助理田雨等一行拜访上汽集团人工智能实验室，受到上汽集团人工智能实验室副主任、赛可智能科技（上海）有限公司副总经理金忠孝博士团队的热情接待，双方围绕未来人工智能领域的协同合作进行了深入交流。上海人工智能研究院首席运营官刘燕京等一行陪同调研。
交流中，金忠孝博士介绍了上汽集团人工智能实验室的发展定位及相关情况，着重介绍了在自动驾驶、物流、金融、制造等领域的人工智能应用成果。金忠孝博士表示，未来上汽集团人工智能实验室和创新院有着广阔的合作空间，希望充分发挥各自优势，在多个业务领域实现合作共赢，为上海人工智能产业发展做出更多贡献。
创新院总经理朱琳表示，仪电集团一直和上汽集团保持着良好的合作关系，创新院作为仪电集团培育人工智能产业的重要抓手和上海市数字化转型的重要参与者，积极参与各行业、各领域的数字化转型，探索跨行业、跨产业的数字化经营实践，在金融、物流、制造等多个领域的数字化转型方面积累了丰富的经验和巨大的技术优势。
通过此次交流对上汽集团尤其是其人工智能实验室有了更加深入的了解，作为体制机制相似的产业集团内部孵化项目，未来希望与上汽集团人工智能实验室进一步加强战略合作，共同在上海市产业创新发展和能级提升方面，特别是智能制造领域共建共研，携手成为智能制造产业的组织者、服务者和推动者，以此强化不同行业间的有机融合，积极营造全新的产业生态！
更多信息，请关注微信公众号</description>
    </item>
    
  </channel>
</rss>
