<?xml version="1.0" encoding="utf-8" standalone="yes"?>
<rss version="2.0" xmlns:atom="http://www.w3.org/2005/Atom">
  <channel>
    <title>Tags on 上海仪电人工智能创新院</title>
    <link>https://offical-portal.chinacloudsites.cn/en/tags/</link>
    <description>Recent content in Tags on 上海仪电人工智能创新院</description>
    <generator>Hugo -- gohugo.io</generator>
    <language>en-us</language>
    <copyright> Copyright © 2020-2023 Shaiic. All Rights Reserved.</copyright>
    <lastBuildDate>Thu, 02 Jul 2020 15:13:34 +0800</lastBuildDate><atom:link href="https://offical-portal.chinacloudsites.cn/en/tags/index.xml" rel="self" type="application/rss+xml" />
    <item>
      <title>AI</title>
      <link>https://offical-portal.chinacloudsites.cn/en/tags/ai/</link>
      <pubDate>Thu, 02 Jul 2020 15:13:34 +0800</pubDate>
      
      <guid>https://offical-portal.chinacloudsites.cn/en/tags/ai/</guid>
      <description></description>
    </item>
    
    <item>
      <title>课程</title>
      <link>https://offical-portal.chinacloudsites.cn/en/tags/%E8%AF%BE%E7%A8%8B/</link>
      <pubDate>Thu, 02 Jul 2020 15:13:34 +0800</pubDate>
      
      <guid>https://offical-portal.chinacloudsites.cn/en/tags/%E8%AF%BE%E7%A8%8B/</guid>
      <description></description>
    </item>
    
    <item>
      <title>发布会</title>
      <link>https://offical-portal.chinacloudsites.cn/en/tags/%E5%8F%91%E5%B8%83%E4%BC%9A/</link>
      <pubDate>Thu, 28 May 2020 15:27:17 +0600</pubDate>
      
      <guid>https://offical-portal.chinacloudsites.cn/en/tags/%E5%8F%91%E5%B8%83%E4%BC%9A/</guid>
      <description></description>
    </item>
    
    <item>
      <title>实训平台</title>
      <link>https://offical-portal.chinacloudsites.cn/en/tags/%E5%AE%9E%E8%AE%AD%E5%B9%B3%E5%8F%B0/</link>
      <pubDate>Thu, 28 May 2020 15:27:17 +0600</pubDate>
      
      <guid>https://offical-portal.chinacloudsites.cn/en/tags/%E5%AE%9E%E8%AE%AD%E5%B9%B3%E5%8F%B0/</guid>
      <description></description>
    </item>
    
    <item>
      <title>一键生成</title>
      <link>https://offical-portal.chinacloudsites.cn/en/tags/%E4%B8%80%E9%94%AE%E7%94%9F%E6%88%90/</link>
      <pubDate>Sat, 06 Jul 2019 15:27:17 +0600</pubDate>
      
      <guid>https://offical-portal.chinacloudsites.cn/en/tags/%E4%B8%80%E9%94%AE%E7%94%9F%E6%88%90/</guid>
      <description></description>
    </item>
    
  </channel>
</rss>
